ra,dec,flux65,flux90,flux140,flux160,qflag65,qflag90,qflag140,qflag160,peak_wl,peak_flux
209.97327,-60.7653,22.72,29.48,2.34,1.27,1,3,3,1,90.0,29.48
211.27484,-60.52637,28.93,25.26,2.57,1.14,3,3,3,1,65.0,28.93
313.0553,44.18936,12.87,14.89,2.98,0.409,3,3,3,1,90.0,14.89
304.06021,39.64849,29.59,28.08,2.84,1.18,3,3,3,1,65.0,29.59
309.89913,43.5924,13.14,19.17,3.85,0.414,3,3,3,1,90.0,19.17
313.01605,43.90321,14.46,21.52,6.26,0.25,3,3,3,1,90.0,21.52
309.78903,39.25423,22.81,28.1,2.83,0.772,3,3,3,1,90.0,28.1
292.96743,19.62902,22.99,16.55,3.69,0.434,3,3,3,1,65.0,22.99
311.27955,43.28379,22.7,20.88,6.04,0.32,3,3,3,1,65.0,22.7
306.82133,42.23823,29.54,28.54,2.88,0.879,3,3,3,1,65.0,29.54
308.24067,42.46258,14.0,21.75,2.33,0.267,3,3,3,1,90.0,21.75
307.8792,37.67667,20.12,19.57,3.41,1.01,3,3,3,1,65.0,20.12
303.46789,39.48276,12.48,15.12,2.85,0.183,3,3,3,1,90.0,15.12
289.72958,12.36783,6.473,28.78,6.52,0.484,1,3,3,1,90.0,28.78
290.81474,15.99278,12.73,15.86,2.87,1.54,3,3,3,1,90.0,15.86
309.21573,38.02407,20.25,18.86,2.93,0.41,3,3,3,1,65.0,20.25
283.19092,2.55638,13.94,23.15,5.28,0.552,3,3,3,1,90.0,23.15
274.53324,-20.43272,20.36,21.17,2.05,0.44,3,3,3,1,90.0,21.17
271.99015,-18.96191,16.21,22.18,2.55,0.58,1,3,3,1,90.0,22.18
269.85638,-23.39892,20.69,26.94,2.33,1.11,3,3,3,1,90.0,26.94
260.55136,-39.02531,17.15,17.93,5.78,0.702,3,3,3,1,90.0,17.93
277.68893,-12.49786,24.12,27.71,9.07,1.65,3,3,3,1,90.0,27.71
262.97213,-32.13609,26.34,16.45,2.83,0.512,3,3,3,1,65.0,26.34
303.79459,39.1798,19.31,19.23,3.41,0.721,3,3,3,1,65.0,19.31
207.94917,-62.47322,20.98,24.89,2.16,0.314,3,3,3,1,90.0,24.89
150.80097,-57.39704,15.51,29.07,2.22,1.25,1,3,3,1,90.0,29.07
173.404,-62.5718,24.31,22.3,4.02,0.334,3,3,3,1,65.0,24.31
192.25724,-62.32463,17.18,21.17,4.26,0.291,3,3,3,1,90.0,21.17
186.46415,-62.19952,8.746,16.9,2.11,0.328,1,3,3,1,90.0,16.9
177.44505,-63.5717,18.43,16.84,7.97,0.365,3,3,3,1,65.0,18.43
186.87193,-63.07859,26.5,29.7,3.07,0.804,3,3,3,1,90.0,29.7
154.5516,-57.72078,16.19,22.79,3.22,1.38,1,3,3,1,90.0,22.79
310.24145,40.58956,18.74,16.44,3.1,1.65,3,3,3,1,65.0,18.74
198.85698,-61.38187,17.99,29.99,4.13,0.786,3,3,3,1,90.0,29.99
285.96399,6.4366,27.6,24.01,3.13,1.12,3,3,3,1,65.0,27.6
269.84446,-22.00184,15.66,18.88,2.49,0.786,3,3,3,1,90.0,18.88
305.88021,43.89513,17.69,20.48,2.29,1.07,1,3,3,1,90.0,20.48
172.95904,-63.53376,22.09,22.9,2.08,0.617,3,3,3,1,90.0,22.9
171.78316,-62.70539,18.56,22.08,2.46,2.14,1,3,3,1,90.0,22.08
231.42997,-57.51268,22.14,21.92,2.19,0.179,3,3,3,1,65.0,22.14
210.51621,-60.29346,14.18,15.95,4.22,0.262,3,3,3,1,90.0,15.95
200.51848,-62.81022,14.57,20.98,2.12,0.427,3,3,3,1,90.0,20.98
188.26721,-63.05103,10.79,19.03,2.82,0.87,1,3,3,1,90.0,19.03
207.27969,-62.6349,19.27,20.06,4.91,0.61,1,3,3,1,90.0,20.06
187.58176,-62.69731,16.61,24.86,2.4,0.475,1,3,3,1,90.0,24.86
209.26418,-62.7681,15.15,19.73,2.95,0.446,3,3,3,1,90.0,19.73
185.36402,-62.98846,14.36,25.81,2.53,1.45,1,3,3,1,90.0,25.81
191.31005,-62.96588,7.17,14.87,3.11,0.376,1,3,3,1,90.0,14.87
176.63851,-62.43671,22.47,24.02,3.48,0.604,3,3,3,1,90.0,24.02
211.83234,-60.78486,18.77,23.23,6.63,0.228,3,3,3,1,90.0,23.23
202.38577,-62.64289,19.4,26.24,2.56,0.867,3,3,3,1,90.0,26.24
173.76954,-64.14645,10.63,17.48,2.18,0.347,3,3,3,1,90.0,17.48
187.39805,-62.44547,17.13,23.42,2.7,0.862,3,3,3,1,90.0,23.42
178.82264,-63.46278,22.92,22.51,4.51,1.61,3,3,3,1,65.0,22.92
194.70414,-62.43575,22.98,22.81,2.16,0.431,3,3,3,1,65.0,22.98
226.87284,-58.1488,15.47,18.32,2.24,0.886,3,3,3,1,90.0,18.32
217.6748,-60.17978,19.58,18.58,2.1,0.663,3,3,3,1,65.0,19.58
171.96646,-62.81429,29.46,20.75,2.42,1.81,3,3,3,1,65.0,29.46
247.59076,-47.42276,17.99,27.32,2.24,0.765,3,3,3,1,90.0,27.32
223.49434,-59.67892,21.11,22.5,5.6,1.12,3,3,3,1,90.0,22.5
217.04254,-60.7917,18.71,26.42,2.18,0.22,3,3,3,1,90.0,26.42
213.44428,-59.93336,13.63,20.44,6.11,0.206,3,3,3,1,90.0,20.44
220.60976,-59.74736,10.56,14.4,7.33,0.911,1,3,3,1,90.0,14.4
201.92639,-62.73907,13.44,19.05,2.46,0.304,3,3,3,1,90.0,19.05
211.80256,-62.34981,25.23,27.32,2.5,1.1,3,3,3,1,90.0,27.32
217.25515,-61.24624,11.9,18.49,2.12,0.505,1,3,3,1,90.0,18.49
208.17519,-62.79995,18.21,27.12,4.78,0.241,3,3,3,1,90.0,27.12
232.77655,-56.73243,,23.24,2.16,0.751,1,3,3,1,90.0,23.24
218.12115,-60.6768,29.66,23.29,2.85,1.47,3,3,3,1,65.0,29.66
230.31761,-57.05172,25.11,14.31,2.41,0.338,3,3,3,1,65.0,25.11
185.14997,-62.97156,11.49,15.17,8.5,1.23,1,3,3,1,90.0,15.17
173.81469,-63.09527,29.85,29.53,4.89,1.07,3,3,3,1,65.0,29.85
179.95884,-63.5703,20.47,20.84,3.44,0.704,3,3,3,1,90.0,20.84
224.43529,-58.64944,7.171,12.69,4.84,0.341,3,3,3,1,90.0,12.69
225.86046,-59.56883,13.87,12.75,4.41,0.612,3,3,3,1,65.0,13.87
222.35583,-60.12556,20.78,26.55,3.65,0.605,3,3,3,1,90.0,26.55
214.13822,-61.45499,23.62,19.14,5.21,0.364,3,3,3,1,65.0,23.62
223.82344,-59.57962,28.85,25.67,2.34,0.784,3,3,3,1,65.0,28.85
209.48311,-63.83821,22.14,20.58,2.77,0.368,3,3,3,1,65.0,22.14
235.41809,-55.15793,10.94,21.38,4.59,0.331,3,3,3,1,90.0,21.38
201.50608,-62.1339,28.96,26.24,2.07,0.325,3,3,3,1,65.0,28.96
241.19304,-50.632,11.93,14.27,4.43,0.15,3,3,3,1,90.0,14.27
229.41603,-59.6469,20.65,13.86,2.96,0.729,3,3,3,1,65.0,20.65
237.00001,-53.73261,22.88,28.43,2.69,0.327,3,3,3,1,90.0,28.43
246.86493,-48.53319,16.89,26.86,3.0,1.04,3,3,3,1,90.0,26.86
202.07328,-62.15135,15.05,16.76,5.23,0.275,3,3,3,1,90.0,16.76
253.59106,-46.4174,13.24,15.4,2.55,0.32,3,3,3,1,90.0,15.4
234.41684,-56.76487,12.14,14.68,2.02,0.19,1,3,3,1,90.0,14.68
258.51633,-41.27359,12.71,13.9,2.4,0.15,3,3,3,1,90.0,13.9
262.77472,-37.08654,10.65,15.53,2.43,0.272,3,3,3,1,90.0,15.53
264.68693,-32.34632,16.53,18.75,2.06,0.697,3,3,3,1,90.0,18.75
250.78488,-49.13741,15.75,12.54,2.9,1.15,3,3,3,1,65.0,15.75
260.61119,-36.53608,,16.45,3.03,1.08,1,3,3,1,90.0,16.45
285.54665,5.54537,20.38,23.58,2.31,0.168,3,3,3,1,90.0,23.58
262.72731,-36.09664,10.99,19.83,4.21,0.276,1,3,3,1,90.0,19.83
271.98349,-18.65531,13.07,22.74,3.24,1.05,1,3,3,1,90.0,22.74
269.82277,-22.05734,6.534,18.47,2.3,1.5,1,3,3,1,90.0,18.47
280.86839,-0.60139,11.13,17.48,2.93,0.119,3,3,3,1,90.0,17.48
276.02904,-13.42901,19.66,26.76,2.92,0.364,1,3,3,1,90.0,26.76
280.45883,-5.89175,22.62,27.43,3.13,2.3,3,3,3,1,90.0,27.43
276.76039,-13.71963,23.7,19.64,2.34,0.731,3,3,3,1,65.0,23.7
284.3571,0.8011,15.62,23.52,4.0,0.498,3,3,3,1,90.0,23.52
285.67208,5.34926,29.43,29.44,2.74,0.104,3,3,3,1,90.0,29.44
290.876,13.74069,,23.66,5.4,0.42,1,3,3,1,90.0,23.66
292.89375,17.50795,7.368,25.91,4.46,1.05,1,3,3,1,90.0,25.91
293.04386,18.90448,24.3,14.54,3.3,1.05,3,3,3,1,65.0,24.3
293.92656,20.63308,13.49,22.03,2.22,1.77,3,3,3,1,90.0,22.03
152.06624,-56.91642,27.91,26.44,3.02,0.349,3,3,3,1,65.0,27.91
288.44725,13.83386,13.03,17.34,6.03,0.327,3,3,3,1,90.0,17.34
303.99277,42.09215,17.3,29.46,2.2,2.51,3,3,3,1,90.0,29.46
303.90362,32.15876,9.618,16.45,3.13,0.33,1,3,3,1,90.0,16.45
303.30143,42.57369,25.64,24.77,2.21,0.819,3,3,3,1,65.0,25.64
288.77852,9.5926,,25.06,2.1,1.2,1,3,3,1,90.0,25.06
305.77723,35.42108,14.31,15.98,2.17,0.604,3,3,3,1,90.0,15.98
301.7009,35.13912,18.42,17.74,2.28,0.565,3,3,3,1,65.0,18.42
308.44935,39.30753,23.09,29.14,2.26,0.506,3,3,3,1,90.0,29.14
308.94202,38.53534,22.63,15.86,3.02,0.639,3,3,3,1,65.0,22.63
296.59213,24.73857,29.44,24.46,4.37,1.77,3,3,3,1,65.0,29.44
291.42416,16.74776,18.4,20.21,6.45,0.527,3,3,3,1,90.0,20.21
305.17702,37.87798,11.24,21.57,2.08,0.317,3,3,3,1,90.0,21.57
306.12841,36.0109,11.16,13.82,2.42,0.336,3,3,3,1,90.0,13.82
308.35024,41.72465,14.78,14.73,2.53,0.837,3,3,3,1,65.0,14.78
306.60127,42.23341,20.47,14.04,2.8,0.67,3,3,3,1,65.0,20.47
300.35139,33.29891,16.02,20.54,2.27,2.75,3,3,3,1,90.0,20.54
312.12793,42.27731,12.74,14.79,2.24,0.544,3,3,3,1,90.0,14.79
307.54636,43.52546,14.46,15.07,4.3,0.401,3,3,3,1,90.0,15.07
309.20461,39.04309,12.18,23.85,2.72,0.51,3,3,3,1,90.0,23.85
309.22937,39.42052,25.15,25.12,3.05,1.1,3,3,3,1,65.0,25.15
307.72101,42.55948,9.469,16.38,4.08,0.285,3,3,3,1,90.0,16.38
307.93248,42.31468,28.22,24.95,5.39,0.581,3,3,3,1,65.0,28.22
310.30194,40.93239,23.29,23.6,4.65,0.741,3,3,3,1,90.0,23.6
309.74732,38.2258,17.53,18.52,2.6,0.417,3,3,3,1,90.0,18.52
305.47466,34.34179,12.83,19.16,2.45,0.433,3,3,3,1,90.0,19.16
291.93588,16.02445,12.48,14.22,2.69,0.636,3,3,3,1,90.0,14.22
310.20983,39.29346,22.22,22.96,4.13,0.636,3,3,3,1,90.0,22.96
312.77239,44.66418,24.44,14.41,2.51,1.01,3,3,3,1,65.0,24.44
310.11422,38.80613,26.14,26.51,3.09,0.579,3,3,3,1,90.0,26.51
309.73156,39.73305,11.91,19.42,2.92,0.854,3,3,3,1,90.0,19.42
309.88214,39.49542,15.2,21.41,2.97,0.915,1,3,3,1,90.0,21.41
308.37835,42.78822,13.07,22.54,2.14,0.418,1,3,3,1,90.0,22.54
309.4633,41.56086,22.1,23.88,2.85,0.715,3,3,3,1,90.0,23.88
307.02925,36.73147,19.7,19.73,2.61,0.565,3,3,3,1,90.0,19.73
306.83497,41.04392,19.86,24.84,2.25,0.342,3,3,3,1,90.0,24.84
212.84153,-62.222,9.154,16.12,2.74,0.157,3,3,3,1,90.0,16.12
0.49362,36.64911,4.366,4.733,3.348,1.708,3,3,3,1,90.0,4.733
0.79025,21.96009,3.312,3.997,3.811,1.92,3,3,3,1,90.0,3.997
1.48328,60.86108,1.977,3.053,2.963,2.766,3,3,3,1,90.0,3.053
1.52676,60.87396,2.138,3.603,2.857,2.805,1,3,3,1,90.0,3.603
2.08635,40.63184,3.848,4.029,3.077,2.518,3,3,3,1,90.0,4.029
6.91974,69.6479,19.92,14.47,2.583,1.69,3,3,3,1,65.0,19.92
9.21928,-33.55474,5.455,5.131,2.972,2.808,3,3,3,1,65.0,5.455
0.67243,41.24708,1.502,4.017,2.607,1.633,1,3,3,1,90.0,4.017
1.35357,-73.20918,4.052,5.479,3.987,1.789,3,3,3,1,90.0,5.479
2.43368,-73.17593,5.788,9.322,4.342,2.215,3,3,3,1,90.0,9.322
3.5148,-73.32656,3.507,5.305,5.162,1.443,3,3,3,1,90.0,5.305
5.38605,-71.84604,3.676,5.818,4.309,2.585,3,3,3,1,90.0,5.818
7.83107,-72.38217,3.736,3.04,2.842,1.581,3,3,3,1,65.0,3.736
9.92245,72.611,20.48,14.58,4.478,2.393,3,3,3,1,65.0,20.48
4.72057,-10.45253,5.053,6.498,3.981,2.736,3,3,3,1,90.0,6.498
5.5835,51.57356,2.655,8.639,3.994,2.938,3,3,3,1,90.0,8.639
9.68531,45.43543,29.23,17.02,4.059,2.34,3,3,3,1,65.0,29.23
0.66047,7.67648,7.578,5.987,2.972,0.3998,3,3,3,1,65.0,7.578
3.61758,-41.24788,3.116,3.341,2.552,0.9009,3,3,3,1,90.0,3.341
4.52548,28.61252,20.2,13.61,3.258,1.82,3,3,3,1,65.0,20.2
6.03317,47.97,3.535,12.47,5.42,2.631,3,3,3,2,90.0,12.47
8.25124,58.03519,22.91,15.45,4.627,2.067,3,3,3,1,65.0,22.91
9.81269,30.15052,9.25,5.786,4.677,2.197,3,3,3,2,65.0,9.25
0.24226,38.7055,3.222,3.524,3.332,2.401,3,3,3,1,90.0,3.524
0.66664,39.53401,1.032,3.179,3.036,1.658,2,3,3,1,90.0,3.179
2.94356,62.23102,3.314,7.821,5.816,0.6236,3,3,3,1,90.0,7.821
7.12827,20.77222,1.548,4.481,3.091,0.9574,3,3,3,1,90.0,4.481
7.64154,0.49309,2.474,3.248,2.862,0.6268,3,3,3,1,90.0,3.248
7.87244,51.83385,3.478,4.028,2.684,1.444,3,3,3,1,90.0,4.028
8.71284,60.72231,4.744,4.247,3.637,0.9256,3,3,3,1,65.0,4.744
3.55189,-16.16559,4.794,5.166,2.941,2.083,1,3,3,1,90.0,5.166
4.26626,30.65759,5.102,5.264,3.315,0.8733,3,3,3,1,90.0,5.264
5.4516,62.64828,10.84,9.478,3.194,1.551,3,3,3,1,65.0,10.84
6.45198,32.40404,10.73,11.32,4.054,2.126,3,3,3,1,90.0,11.32
1.44218,51.10791,5.615,6.56,6.325,2.582,3,3,3,2,90.0,6.56
3.3342,31.17976,4.17,3.718,2.63,0.8581,3,3,3,1,65.0,4.17
6.14539,33.87538,1.783,3.884,3.206,2.459,3,3,3,1,90.0,3.884
7.71685,24.69628,2.257,3.034,2.784,1.869,3,3,3,2,90.0,3.034
8.70738,-14.22037,6.169,6.332,5.771,0.9368,3,3,3,1,90.0,6.332
9.44205,49.86114,2.926,4.316,2.841,0.2983,1,3,3,1,90.0,4.316
1.70543,-48.55864,5.396,4.733,3.708,2.47,3,3,3,1,65.0,5.396
2.94778,30.78649,5.982,7.365,3.899,0.667,3,3,3,1,90.0,7.365
3.15667,36.70299,2.911,3.403,2.607,2.995,3,3,3,1,90.0,3.403
3.72582,-69.19715,6.355,9.496,4.869,2.084,3,3,3,1,90.0,9.496
3.77892,-49.80758,3.13,3.645,3.402,2.576,3,3,3,1,90.0,3.645
6.26065,-67.57147,2.775,4.009,3.417,2.759,3,3,3,1,90.0,4.009
6.34936,1.17782,10.33,7.118,2.419,2.339,3,3,3,1,65.0,10.33
7.53816,53.70878,4.191,4.7,3.627,1.75,3,3,3,1,90.0,4.7
8.03631,-24.36845,3.039,4.244,3.409,0.3579,3,3,3,1,90.0,4.244
8.19388,6.29517,2.34,3.186,2.891,1.348,3,3,3,1,90.0,3.186
9.92291,5.64517,12.69,11.11,5.5,2.67,3,3,3,1,65.0,12.69
9.96647,63.26544,19.79,10.47,4.313,2.162,3,3,3,1,65.0,19.79
0.94171,-69.23177,0.9101,3.851,3.563,1.807,1,3,3,1,90.0,3.851
3.9526,-69.40806,1.192,4.009,3.509,1.73,1,3,3,1,90.0,4.009
4.15791,37.1052,3.559,4.48,3.833,2.075,3,3,3,1,90.0,4.48
4.76973,29.92463,4.391,6.692,4.963,0.9513,3,3,3,1,90.0,6.692
5.25822,6.21116,3.406,4.201,3.696,1.035,3,3,3,1,90.0,4.201
5.53809,32.0395,8.815,6.454,2.531,2.249,3,3,3,1,65.0,8.815
6.82088,-51.06677,14.83,12.48,5.427,2.564,3,3,3,1,65.0,14.83
7.11788,-47.75976,3.763,3.571,3.762,2.742,3,3,3,1,65.0,3.763
8.92816,3.39052,5.555,6.35,4.222,2.838,3,3,3,1,90.0,6.35
8.95534,20.17473,28.29,19.52,4.65,2.759,3,3,3,1,65.0,28.29
0.72689,-71.05311,4.91,4.818,4.291,2.862,3,3,3,1,65.0,4.91
4.52426,-34.46159,3.718,2.811,3.658,2.658,3,3,3,1,65.0,3.718
5.25474,-63.28919,2.124,3.67,2.605,0.7823,3,3,3,1,90.0,3.67
5.7723,-6.12115,3.24,5.08,3.836,1.761,3,3,3,1,90.0,5.08
8.43875,-9.17528,,8.364,6.394,0.5191,1,3,3,1,90.0,8.364
9.13718,38.44477,10.87,9.081,2.333,2.882,3,3,3,1,65.0,10.87
9.22621,3.42516,16.55,13.66,5.463,2.747,3,3,3,1,65.0,16.55
0.19981,33.59828,2.59,5.096,3.357,2.878,3,3,3,1,90.0,5.096
1.41724,0.44975,3.624,6.644,5.488,0.9589,1,3,3,1,90.0,6.644
3.39024,3.14003,1.853,3.81,3.356,0.7256,3,3,3,1,90.0,3.81
5.32078,-7.19339,2.147,4.338,3.413,1.099,3,3,3,1,90.0,4.338
7.81887,-19.85073,19.16,14.66,4.406,1.815,3,3,3,1,65.0,19.16
8.92486,-1.87834,2.491,3.192,3.088,2.229,3,3,3,1,90.0,3.192
9.1688,-38.16485,0.1887,7.462,3.738,0.3522,1,3,3,1,90.0,7.462
0.13532,-24.14095,3.595,5.349,4.824,1.132,3,3,3,1,90.0,5.349
1.39473,29.49,5.992,7.555,4.244,2.702,3,3,3,1,90.0,7.555
1.90681,-2.91525,5.514,6.316,3.662,1.029,3,3,3,1,90.0,6.316
3.15848,-20.65876,8.22,7.304,2.901,0.5363,3,3,3,1,65.0,8.22
6.64201,-32.30434,17.27,14.47,5.503,2.819,3,3,3,1,65.0,17.27
7.02391,-25.22842,2.129,5.801,3.068,1.443,3,3,3,1,90.0,5.801
7.2002,-25.77204,0.8519,4.315,2.102,0.836,2,3,3,1,90.0,4.315
8.139,-25.76232,2.524,3.201,2.774,1.495,3,3,3,1,90.0,3.201
8.29635,-22.29315,7.527,11.6,9.519,2.395,3,3,3,1,90.0,11.6
9.20319,7.47765,2.748,3.681,3.016,2.657,1,3,3,1,90.0,3.681
0.18858,-30.39646,3.477,4.417,3.94,2.024,3,3,3,1,90.0,4.417
0.66986,-24.07819,21.1,13.86,3.637,2.294,3,3,3,1,65.0,21.1
2.70361,-32.86793,19.5,15.36,4.866,2.428,3,3,3,1,65.0,19.5
4.43004,-30.12927,1.602,4.612,3.527,2.54,3,3,3,2,90.0,4.612
7.72688,-38.30291,1.692,4.205,3.596,2.858,1,3,3,1,90.0,4.205
9.35232,-40.6358,4.577,5.761,5.671,2.487,3,3,3,1,90.0,5.761
9.59644,65.12056,5.357,5.518,4.753,2.397,3,3,3,1,90.0,5.518
9.96223,23.14374,1.548,3.969,3.351,1.327,1,3,3,1,90.0,3.969
3.02336,-33.09454,8.045,6.624,2.664,2.165,3,3,3,1,65.0,8.045
3.40382,-10.66708,2.548,3.261,3.042,2.498,1,3,3,1,90.0,3.261
3.06072,-62.78825,17.58,12.82,3.099,2.469,3,3,3,1,65.0,17.58
6.24859,-19.71327,3.264,3.325,2.546,1.616,3,3,3,1,90.0,3.325
6.42935,-15.7491,3.684,4.474,3.274,2.325,3,3,3,1,90.0,4.474
7.08307,14.52884,2.166,3.444,3.21,0.8748,3,3,3,1,90.0,3.444
7.51206,-42.01968,12.3,9.176,3.955,1.673,3,3,3,1,65.0,12.3
8.12654,-75.37418,11.7,14.88,2.359,0.7019,3,3,3,1,90.0,14.88
9.26311,69.70117,10.11,5.574,6.676,0.1325,3,3,3,1,65.0,10.11
2.3365,-80.85794,3.373,6.896,2.845,1.232,3,3,3,1,90.0,6.896
2.33732,-62.6127,11.32,10.21,3.831,2.525,3,3,3,1,65.0,11.32
2.66877,24.41503,3.585,4.258,3.369,1.566,3,3,3,1,90.0,4.258
4.25221,-14.65832,22.4,14.72,4.406,0.6738,3,3,3,1,65.0,22.4
5.0008,8.22616,5.654,5.247,4.032,1.057,3,3,3,1,65.0,5.654
5.78701,-60.54501,25.46,16.8,6.797,2.19,3,3,3,1,65.0,25.46
6.1462,-52.73855,15.77,11.73,2.763,1.155,3,3,3,1,65.0,15.77
8.3214,16.4077,1.996,3.116,2.456,1.363,3,3,3,1,90.0,3.116
2.0439,-65.32372,2.38,3.163,3.017,2.561,3,3,3,1,90.0,3.163
4.46931,-4.36199,2.602,3.078,2.032,0.889,1,3,3,1,90.0,3.078
5.08215,-65.24909,17.72,13.29,5.162,2.457,3,3,3,1,65.0,17.72
5.4562,-60.5763,5.902,5.147,5.054,1.009,3,3,3,1,65.0,5.902
7.46983,-59.89451,2.892,4.939,2.995,0.3305,3,3,3,1,90.0,4.939
9.52853,-60.1779,9.437,8.759,7.567,2.37,3,3,3,1,65.0,9.437
3.92814,-14.59375,8.192,6.741,3.758,1.43,3,3,3,1,65.0,8.192
7.164,-35.98702,20.1,14.66,3.876,1.484,3,3,3,1,65.0,20.1
6.12943,-18.78132,4.156,4.822,2.32,1.931,3,3,3,1,90.0,4.822
0.09001,55.84783,9.999,7.378,2.212,2.15,3,3,3,1,65.0,9.999
0.17784,-50.26925,8.902,6.91,3.023,1.48,3,3,3,1,65.0,8.902
5.44806,-54.09216,2.667,3.236,2.56,2.318,1,3,3,1,90.0,3.236
7.19605,-67.64355,14.68,12.26,3.734,2.447,3,3,3,1,65.0,14.68
7.43764,-62.23704,12.96,16.58,9.12,1.289,1,3,3,1,90.0,16.58
9.96633,-60.39161,8.776,0.9283,5.707,2.437,3,3,3,1,65.0,8.776
0.60223,-16.72779,4.989,5.16,4.862,1.937,3,3,3,1,90.0,5.16
1.01275,-64.94094,0.1156,3.583,3.036,2.342,1,3,3,1,90.0,3.583
2.46215,-56.11546,28.74,20.72,5.054,2.195,3,3,3,1,65.0,28.74
2.95989,-62.60573,1.399,6.662,5.437,2.44,1,3,3,2,90.0,6.662
6.7083,14.40471,2.703,3.553,3.402,2.505,3,3,3,1,90.0,3.553
7.61555,-48.27634,5.572,6.073,3.68,2.657,3,3,3,1,90.0,6.073
8.1273,-66.3909,8.682,8.031,3.722,2.633,3,3,3,1,65.0,8.682
8.87753,-65.50962,11.97,9.053,2.961,1.985,3,3,3,1,65.0,11.97
1.55548,-11.83428,2.12,3.809,2.904,2.096,3,3,3,1,90.0,3.809
3.91298,19.17874,17.63,12.98,3.156,1.114,3,3,3,1,65.0,17.63
4.04301,-29.32231,4.108,4.654,4.288,2.268,3,3,3,1,90.0,4.654
7.74439,-30.09705,7.737,5.969,3.102,1.502,3,3,3,1,65.0,7.737
8.43163,-14.61987,2.815,3.99,3.263,2.387,3,3,3,1,90.0,3.99
8.86457,72.4463,4.335,3.859,3.256,2.318,3,3,3,1,65.0,4.335
0.24644,-37.07485,5.267,6.511,5.283,1.397,3,3,3,1,90.0,6.511
1.54274,-37.68482,3.166,7.805,5.35,2.71,3,3,3,1,90.0,7.805
3.23192,-56.78107,2.998,5.98,5.272,1.248,3,3,3,1,90.0,5.98
4.38088,-42.27366,5.748,5.559,2.859,1.111,3,3,3,1,65.0,5.748
5.63466,-44.83583,17.12,14.09,3.05,2.676,3,3,3,1,65.0,17.12
8.42416,-55.34306,28.36,22.19,8.402,2.55,3,3,3,1,65.0,28.36
8.57996,-70.07934,9.558,7.951,2.355,2.021,3,3,3,1,65.0,9.558
9.96384,-62.49109,8.164,0.9873,6.118,0.7946,3,3,3,1,65.0,8.164
0.79026,-39.57959,3.514,4.724,4.703,1.326,3,3,3,1,90.0,4.724
1.7471,35.97748,6.907,5.805,3.323,2.672,3,3,3,1,65.0,6.907
1.86424,-9.93169,4.124,5.609,5.491,2.88,3,3,3,1,90.0,5.609
3.77304,-26.19202,3.979,3.062,3.572,2.698,3,3,3,1,65.0,3.979
4.7019,-34.67728,3.272,4.777,2.502,2.611,3,3,3,1,90.0,4.777
7.81612,-48.74965,15.01,11.06,4.713,1.684,3,3,3,1,65.0,15.01
0.66206,47.24107,26.2,18.51,5.536,2.388,3,3,3,1,65.0,26.2
2.78297,-31.3212,3.847,5.146,4.041,1.016,3,3,3,1,90.0,5.146
4.80589,-18.22354,,5.983,3.364,0.1043,1,3,3,1,90.0,5.983
4.80617,-33.86715,0.01805,3.512,3.153,0.8052,1,3,3,1,90.0,3.512
4.92733,-25.43395,5.454,10.99,10.79,1.186,3,3,3,1,90.0,10.99
4.97034,-25.27962,9.745,9.035,4.699,1.21,3,3,3,1,65.0,9.745
5.11561,-20.12267,6.261,6.609,5.693,2.016,3,3,3,1,90.0,6.609
5.19431,-25.56437,8.068,5.817,7.427,2.085,3,3,3,1,65.0,8.068
5.23513,-25.36353,4.22,4.444,3.235,2.645,3,3,3,1,90.0,4.444
5.55452,-63.55014,4.207,4.749,3.835,1.874,3,3,3,1,90.0,4.749
6.44778,18.89221,16.7,12.58,4.654,1.983,3,3,3,1,65.0,16.7
7.1601,41.88268,15.87,10.62,3.09,0.2372,3,3,3,1,65.0,15.87
7.83695,-25.08954,,4.594,2.287,2.383,1,3,3,1,90.0,4.594
1.20544,-28.06771,23.62,16.61,4.306,0.6345,3,3,3,1,65.0,23.62
5.1956,-53.33079,3.797,4.703,2.41,0.9124,3,3,3,1,90.0,4.703
6.34915,-31.22161,15.53,10.83,3.693,0.01244,3,3,3,1,65.0,15.53
6.44234,-39.76424,7.848,1.905,5.534,1.887,3,3,3,1,65.0,7.848
7.81785,-32.78665,11.79,10.15,5.745,1.281,3,3,3,1,65.0,11.79
8.13791,-15.47283,13.66,12.02,4.562,0.8007,3,3,3,1,65.0,13.66
8.58007,8.93455,25.49,16.6,2.41,0.6175,3,3,3,1,65.0,25.49
0.5806,-38.69336,10.74,13.33,10.19,2.196,3,3,3,1,90.0,13.33
1.43167,-26.19913,8.348,10.01,2.585,2.905,3,3,3,1,90.0,10.01
2.22098,-25.04443,19.06,11.82,4.367,2.891,3,3,3,1,65.0,19.06
2.8759,-28.02448,,8.032,5.668,1.562,1,3,3,1,90.0,8.032
3.66677,-37.10159,12.41,1.057,6.606,0.08285,3,3,3,1,65.0,12.41
4.06,-22.4538,7.069,2.148,3.244,1.359,3,3,3,1,65.0,7.069
4.07169,-32.18708,10.51,6.133,5.671,1.454,3,3,3,1,65.0,10.51
4.54866,-19.62637,7.839,8.228,3.082,0.9097,3,3,3,1,90.0,8.228
5.4552,-22.0874,9.15,6.835,5.898,1.364,3,3,3,1,65.0,9.15
8.14663,-78.1776,24.4,17.36,4.113,2.075,3,3,3,1,65.0,24.4
8.77974,-21.74406,25.05,17.33,5.523,2.086,3,3,3,1,65.0,25.05
0.04946,-38.83096,15.14,11.67,3.613,2.653,3,3,3,1,65.0,15.14
0.10381,-16.22462,11.17,0.7884,5.939,0.5779,3,3,3,1,65.0,11.17
0.4169,-23.21015,11.33,9.612,10.9,1.819,3,3,3,1,65.0,11.33
0.93636,-35.24317,2.008,3.386,2.317,2.221,3,3,3,1,90.0,3.386
1.48427,-14.23292,14.3,8.562,11.47,0.6016,3,3,3,1,65.0,14.3
1.54471,-17.37986,12.35,1.003,10.97,0.2516,3,3,3,1,65.0,12.35
2.10718,-16.46853,7.068,1.919,5.6,2.819,3,3,3,1,65.0,7.068
2.41776,-11.42115,6.555,1.676,6.015,2.38,3,3,3,1,65.0,6.555
3.06006,-58.25153,2.974,3.151,3.037,2.507,3,3,3,1,90.0,3.151
3.14268,-24.83573,13.28,7.007,9.57,1.145,3,3,3,1,65.0,13.28
3.6115,-25.04752,19.82,17.17,8.803,2.231,3,3,3,1,65.0,19.82
4.3524,-22.88628,6.209,1.822,5.766,2.195,3,3,3,1,65.0,6.209
4.51529,-15.2702,16.33,7.935,5.442,0.7875,3,3,3,1,65.0,16.33
7.56757,21.86718,17.85,12.93,4.837,2.788,3,3,3,1,65.0,17.85
7.84588,-47.26034,10.91,9.148,2.792,0.007943,3,3,3,1,65.0,10.91
8.32295,0.19614,7.172,5.222,2.075,0.6739,3,3,3,1,65.0,7.172
0.25161,-4.93183,23.41,21.27,11.87,1.854,3,3,3,1,65.0,23.41
0.29175,-11.20664,0.4082,8.095,5.055,0.5267,1,3,3,1,90.0,8.095
0.35669,-11.77009,0.1737,5.081,4.998,0.831,1,3,3,1,90.0,5.081
2.2243,32.62415,3.264,3.649,2.499,2.972,3,3,3,1,90.0,3.649
2.4783,9.50194,17.07,13.31,3.452,0.9801,3,3,3,1,65.0,17.07
3.13779,-36.74732,6.88,4.475,2.627,1.066,3,3,3,1,65.0,6.88
3.72813,-16.52541,4.645,3.954,3.325,1.949,3,3,3,1,65.0,4.645
5.6197,3.95701,16.13,18.46,6.411,2.493,3,3,3,1,90.0,18.46
6.18172,-23.43579,21.77,14.72,4.544,1.798,3,3,3,1,65.0,21.77
8.41608,2.29759,3.585,2.894,3.091,1.292,3,3,3,1,65.0,3.585
9.60364,-1.59686,10.09,12.83,4.476,2.955,3,3,3,1,90.0,12.83
0.39275,6.36908,3.089,5.306,4.215,2.629,3,3,3,1,90.0,5.306
2.89747,9.22571,11.64,12.78,4.287,1.467,3,3,3,1,90.0,12.78
4.97157,5.96436,8.176,5.636,2.427,1.984,3,3,3,1,65.0,8.176
6.75803,26.32352,2.246,10.75,9.29,1.862,1,3,3,1,90.0,10.75
7.06595,9.86847,3.313,4.776,4.442,1.688,3,3,3,1,90.0,4.776
8.21468,39.72462,15.31,12.76,5.678,2.634,3,3,3,1,65.0,15.31
8.80867,-59.19557,16.81,14.15,2.729,1.597,3,3,3,1,65.0,16.81
8.99162,-20.64869,2.128,3.476,3.063,2.826,1,3,3,1,90.0,3.476
9.25276,47.27847,1.56,3.289,3.072,2.51,1,3,3,1,90.0,3.289
9.39988,-1.88636,27.2,17.15,4.991,2.094,3,3,3,1,65.0,27.2
9.86286,31.61815,9.38,8.584,6.169,2.817,3,3,3,1,65.0,9.38
0.68435,25.81046,9.623,11.07,4.454,2.621,3,3,3,1,90.0,11.07
1.01389,-23.73197,3.722,4.553,2.655,2.699,3,3,3,1,90.0,4.553
1.59439,27.03626,18.63,11.83,3.972,2.146,3,3,3,1,65.0,18.63
1.73037,-27.22555,18.5,13.0,4.283,0.1581,3,3,3,1,65.0,18.5
3.17832,19.98934,8.293,8.055,3.311,1.171,3,3,3,1,65.0,8.293
3.37301,-41.79365,4.269,4.851,3.842,2.869,3,3,3,1,90.0,4.851
3.78651,12.70372,8.226,8.988,2.796,1.908,3,3,3,1,90.0,8.988
4.25187,45.85623,1.396,3.377,2.867,1.512,1,3,3,1,90.0,3.377
4.82765,40.41228,4.996,7.699,5.281,0.04325,3,3,3,1,90.0,7.699
5.59569,20.1038,5.589,6.404,3.301,1.781,3,3,3,1,90.0,6.404
5.70989,41.87095,13.98,16.67,7.269,1.433,3,3,3,1,90.0,16.67
6.31808,48.36764,20.84,14.75,3.013,2.593,3,3,3,1,65.0,20.84
8.1645,42.41965,5.282,10.25,8.316,2.999,3,3,3,1,90.0,10.25
8.18949,40.65846,20.77,15.95,11.84,2.782,3,3,3,1,65.0,20.77
1.04039,12.41768,1.427,3.2,2.522,1.653,3,3,3,1,90.0,3.2
3.00986,-57.06883,5.112,4.123,3.164,0.5069,3,3,3,1,65.0,5.112
5.08843,52.45343,15.05,15.11,7.977,2.917,3,3,3,1,90.0,15.11
5.17725,43.9417,5.633,8.187,7.828,0.9638,3,3,3,1,90.0,8.187
6.0491,-23.43412,2.038,3.332,2.707,0.2032,3,3,3,1,90.0,3.332
6.83416,45.34951,5.923,4.785,2.246,1.718,3,3,3,1,65.0,5.923
7.3568,50.09795,7.77,21.48,6.284,1.154,3,3,3,1,90.0,21.48
7.77116,50.99438,8.157,1.537,6.5,1.974,3,3,3,1,65.0,8.157
9.07662,-44.56133,3.364,3.197,2.193,1.95,3,3,3,1,65.0,3.364
9.41224,68.91935,3.379,3.477,3.324,2.465,3,3,3,1,90.0,3.477
9.66855,43.94112,8.69,6.442,4.087,2.67,3,3,3,1,65.0,8.69
9.84522,33.84006,5.174,5.942,4.927,2.157,3,3,3,1,90.0,5.942
0.44663,44.24503,3.618,5.467,3.946,1.86,3,3,3,1,90.0,5.467
2.7678,11.15437,17.59,13.44,4.42,0.4674,3,3,3,1,65.0,17.59
3.53021,39.0709,19.67,13.61,3.155,2.553,3,3,3,1,65.0,19.67
3.80245,78.62394,20.25,13.96,4.08,1.537,3,3,3,1,65.0,20.25
4.00998,45.37414,14.79,10.89,3.741,1.579,3,3,3,1,65.0,14.79
5.81791,38.0159,7.209,6.959,3.169,1.779,3,3,3,1,65.0,7.209
0.47242,48.72635,4.767,4.13,2.78,1.842,3,3,3,1,65.0,4.767
1.42569,35.34768,13.87,11.79,3.392,0.4067,3,3,3,1,65.0,13.87
4.57333,40.563,2.831,3.726,3.691,2.677,3,3,3,1,90.0,3.726
6.1307,43.71905,16.54,12.66,4.092,2.115,3,3,3,1,65.0,16.54
6.4706,60.3456,21.57,16.7,3.157,2.978,3,3,3,1,65.0,21.57
8.05156,60.10105,11.81,10.24,2.968,0.03363,3,3,3,1,65.0,11.81
1.86851,8.2262,2.021,3.285,3.052,2.16,3,3,3,1,90.0,3.285
2.63043,60.29045,2.812,4.629,4.335,1.358,3,3,3,1,90.0,4.629
3.14431,24.73084,2.446,3.153,2.743,0.5161,1,3,3,1,90.0,3.153
3.54741,8.90185,10.54,7.546,2.892,2.251,3,3,3,1,65.0,10.54
3.8321,-29.6127,12.36,8.227,3.114,2.762,3,3,3,1,65.0,12.36
9.59302,-4.4165,5.947,9.937,4.163,2.653,3,3,3,1,90.0,9.937
1.51437,-69.17176,2.972,3.031,2.723,1.385,3,3,3,1,90.0,3.031
2.61366,57.97577,8.228,8.242,2.8,1.079,3,3,3,1,90.0,8.242
2.96345,70.36997,1.658,4.24,2.431,1.64,1,3,3,1,90.0,4.24
9.68411,-39.45002,29.72,20.59,6.715,2.695,3,3,3,1,65.0,29.72
