ra,dec
209.97327,-60.7653
211.27484,-60.52637
313.0553,44.18936
304.06021,39.64849
309.89913,43.5924
313.01605,43.90321
309.78903,39.25423
292.96743,19.62902
311.27955,43.28379
306.82133,42.23823
308.24067,42.46258
307.8792,37.67667
303.46789,39.48276
289.72958,12.36783
290.81474,15.99278
309.21573,38.02407
283.19092,2.55638
274.53324,-20.43272
271.99015,-18.96191
269.85638,-23.39892
260.55136,-39.02531
277.68893,-12.49786
262.97213,-32.13609
303.79459,39.1798
207.94917,-62.47322
150.80097,-57.39704
173.404,-62.5718
192.25724,-62.32463
186.46415,-62.19952
177.44505,-63.5717
186.87193,-63.07859
154.5516,-57.72078
310.24145,40.58956
198.85698,-61.38187
285.96399,6.4366
269.84446,-22.00184
305.88021,43.89513
172.95904,-63.53376
171.78316,-62.70539
231.42997,-57.51268
210.51621,-60.29346
200.51848,-62.81022
188.26721,-63.05103
207.27969,-62.6349
187.58176,-62.69731
209.26418,-62.7681
185.36402,-62.98846
191.31005,-62.96588
176.63851,-62.43671
211.83234,-60.78486
202.38577,-62.64289
173.76954,-64.14645
187.39805,-62.44547
178.82264,-63.46278
194.70414,-62.43575
226.87284,-58.1488
217.6748,-60.17978
171.96646,-62.81429
247.59076,-47.42276
223.49434,-59.67892
217.04254,-60.7917
213.44428,-59.93336
220.60976,-59.74736
201.92639,-62.73907
211.80256,-62.34981
217.25515,-61.24624
208.17519,-62.79995
232.77655,-56.73243
218.12115,-60.6768
230.31761,-57.05172
185.14997,-62.97156
173.81469,-63.09527
179.95884,-63.5703
224.43529,-58.64944
225.86046,-59.56883
222.35583,-60.12556
214.13822,-61.45499
223.82344,-59.57962
209.48311,-63.83821
235.41809,-55.15793
201.50608,-62.1339
241.19304,-50.632
229.41603,-59.6469
237.00001,-53.73261
246.86493,-48.53319
202.07328,-62.15135
253.59106,-46.4174
234.41684,-56.76487
258.51633,-41.27359
262.77472,-37.08654
264.68693,-32.34632
250.78488,-49.13741
260.61119,-36.53608
285.54665,5.54537
262.72731,-36.09664
271.98349,-18.65531
269.82277,-22.05734
280.86839,-0.60139
276.02904,-13.42901
280.45883,-5.89175
276.76039,-13.71963
284.3571,0.8011
285.67208,5.34926
290.876,13.74069
292.89375,17.50795
293.04386,18.90448
293.92656,20.63308
152.06624,-56.91642
288.44725,13.83386
303.99277,42.09215
303.90362,32.15876
303.30143,42.57369
288.77852,9.5926
305.77723,35.42108
301.7009,35.13912
308.44935,39.30753
308.94202,38.53534
296.59213,24.73857
291.42416,16.74776
305.17702,37.87798
306.12841,36.0109
308.35024,41.72465
306.60127,42.23341
300.35139,33.29891
312.12793,42.27731
307.54636,43.52546
309.20461,39.04309
309.22937,39.42052
307.72101,42.55948
307.93248,42.31468
310.30194,40.93239
309.74732,38.2258
305.47466,34.34179
291.93588,16.02445
310.20983,39.29346
312.77239,44.66418
310.11422,38.80613
309.73156,39.73305
309.88214,39.49542
308.37835,42.78822
309.4633,41.56086
307.02925,36.73147
306.83497,41.04392
212.84153,-62.222
0.49362,36.64911
0.79025,21.96009
1.48328,60.86108
1.52676,60.87396
2.08635,40.63184
6.91974,69.6479
9.21928,-33.55474
0.67243,41.24708
1.35357,-73.20918
2.43368,-73.17593
3.5148,-73.32656
5.38605,-71.84604
7.83107,-72.38217
9.92245,72.611
4.72057,-10.45253
5.5835,51.57356
9.68531,45.43543
0.66047,7.67648
3.61758,-41.24788
4.52548,28.61252
6.03317,47.97
8.25124,58.03519
9.81269,30.15052
0.24226,38.7055
0.66664,39.53401
2.94356,62.23102
7.12827,20.77222
7.64154,0.49309
7.87244,51.83385
8.71284,60.72231
3.55189,-16.16559
4.26626,30.65759
5.4516,62.64828
6.45198,32.40404
1.44218,51.10791
3.3342,31.17976
6.14539,33.87538
7.71685,24.69628
8.70738,-14.22037
9.44205,49.86114
1.70543,-48.55864
2.94778,30.78649
3.15667,36.70299
3.72582,-69.19715
3.77892,-49.80758
6.26065,-67.57147
6.34936,1.17782
7.53816,53.70878
8.03631,-24.36845
8.19388,6.29517
9.92291,5.64517
9.96647,63.26544
0.94171,-69.23177
3.9526,-69.40806
4.15791,37.1052
4.76973,29.92463
5.25822,6.21116
5.53809,32.0395
6.82088,-51.06677
7.11788,-47.75976
8.92816,3.39052
8.95534,20.17473
0.72689,-71.05311
4.52426,-34.46159
5.25474,-63.28919
5.7723,-6.12115
8.43875,-9.17528
9.13718,38.44477
9.22621,3.42516
0.19981,33.59828
1.41724,0.44975
3.39024,3.14003
5.32078,-7.19339
7.81887,-19.85073
8.92486,-1.87834
9.1688,-38.16485
0.13532,-24.14095
1.39473,29.49
1.90681,-2.91525
3.15848,-20.65876
6.64201,-32.30434
7.02391,-25.22842
7.2002,-25.77204
8.139,-25.76232
8.29635,-22.29315
9.20319,7.47765
0.18858,-30.39646
0.66986,-24.07819
2.70361,-32.86793
4.43004,-30.12927
7.72688,-38.30291
9.35232,-40.6358
9.59644,65.12056
9.96223,23.14374
3.02336,-33.09454
3.40382,-10.66708
3.06072,-62.78825
6.24859,-19.71327
6.42935,-15.7491
7.08307,14.52884
7.51206,-42.01968
8.12654,-75.37418
9.26311,69.70117
2.3365,-80.85794
2.33732,-62.6127
2.66877,24.41503
4.25221,-14.65832
5.0008,8.22616
5.78701,-60.54501
6.1462,-52.73855
8.3214,16.4077
2.0439,-65.32372
4.46931,-4.36199
5.08215,-65.24909
5.4562,-60.5763
7.46983,-59.89451
9.52853,-60.1779
3.92814,-14.59375
7.164,-35.98702
6.12943,-18.78132
0.09001,55.84783
0.17784,-50.26925
5.44806,-54.09216
7.19605,-67.64355
7.43764,-62.23704
9.96633,-60.39161
0.60223,-16.72779
1.01275,-64.94094
2.46215,-56.11546
2.95989,-62.60573
6.7083,14.40471
7.61555,-48.27634
8.1273,-66.3909
8.87753,-65.50962
1.55548,-11.83428
3.91298,19.17874
4.04301,-29.32231
7.74439,-30.09705
8.43163,-14.61987
8.86457,72.4463
0.24644,-37.07485
1.54274,-37.68482
3.23192,-56.78107
4.38088,-42.27366
5.63466,-44.83583
8.42416,-55.34306
8.57996,-70.07934
9.96384,-62.49109
0.79026,-39.57959
1.7471,35.97748
1.86424,-9.93169
3.77304,-26.19202
4.7019,-34.67728
7.81612,-48.74965
0.66206,47.24107
2.78297,-31.3212
4.80589,-18.22354
4.80617,-33.86715
4.92733,-25.43395
4.97034,-25.27962
5.11561,-20.12267
5.19431,-25.56437
5.23513,-25.36353
5.55452,-63.55014
6.44778,18.89221
7.1601,41.88268
7.83695,-25.08954
1.20544,-28.06771
5.1956,-53.33079
6.34915,-31.22161
6.44234,-39.76424
7.81785,-32.78665
8.13791,-15.47283
8.58007,8.93455
0.5806,-38.69336
1.43167,-26.19913
2.22098,-25.04443
2.8759,-28.02448
3.66677,-37.10159
4.06,-22.4538
4.07169,-32.18708
4.54866,-19.62637
5.4552,-22.0874
8.14663,-78.1776
8.77974,-21.74406
0.04946,-38.83096
0.10381,-16.22462
0.4169,-23.21015
0.93636,-35.24317
1.48427,-14.23292
1.54471,-17.37986
2.10718,-16.46853
2.41776,-11.42115
3.06006,-58.25153
3.14268,-24.83573
3.6115,-25.04752
4.3524,-22.88628
4.51529,-15.2702
7.56757,21.86718
7.84588,-47.26034
8.32295,0.19614
0.25161,-4.93183
0.29175,-11.20664
0.35669,-11.77009
2.2243,32.62415
2.4783,9.50194
3.13779,-36.74732
3.72813,-16.52541
5.6197,3.95701
6.18172,-23.43579
8.41608,2.29759
9.60364,-1.59686
0.39275,6.36908
2.89747,9.22571
4.97157,5.96436
6.75803,26.32352
7.06595,9.86847
8.21468,39.72462
8.80867,-59.19557
8.99162,-20.64869
9.25276,47.27847
9.39988,-1.88636
9.86286,31.61815
0.68435,25.81046
1.01389,-23.73197
1.59439,27.03626
1.73037,-27.22555
3.17832,19.98934
3.37301,-41.79365
3.78651,12.70372
4.25187,45.85623
4.82765,40.41228
5.59569,20.1038
5.70989,41.87095
6.31808,48.36764
8.1645,42.41965
8.18949,40.65846
1.04039,12.41768
3.00986,-57.06883
5.08843,52.45343
5.17725,43.9417
6.0491,-23.43412
6.83416,45.34951
7.3568,50.09795
7.77116,50.99438
9.07662,-44.56133
9.41224,68.91935
9.66855,43.94112
9.84522,33.84006
0.44663,44.24503
2.7678,11.15437
3.53021,39.0709
3.80245,78.62394
4.00998,45.37414
5.81791,38.0159
0.47242,48.72635
1.42569,35.34768
4.57333,40.563
6.1307,43.71905
6.4706,60.3456
8.05156,60.10105
1.86851,8.2262
2.63043,60.29045
3.14431,24.73084
3.54741,8.90185
3.8321,-29.6127
9.59302,-4.4165
1.51437,-69.17176
2.61366,57.97577
2.96345,70.36997
9.68411,-39.45002
38.3847148,-84.7550161
247.0964981,-83.6645254
333.1669949,-81.7715118
258.9615416,-80.8216905
104.8600109,-79.6463846
78.8217649,-79.2271952
12.0675693,-78.7958748
13.1750829,-77.9500616
49.1553547,-76.9045143
208.324551,-76.279498
11.4323642,-75.9927014
148.4901368,-75.4524591
21.8197991,-75.3608988
249.9336137,-75.2500244
240.8382105,-83.8084646
141.5649136,-83.3904565
318.7245515,-82.045767
4.3957152,-80.8577362
204.3663797,-80.0949618
164.8728284,-78.1098074
47.3838936,-77.6593765
313.4884868,-77.5789171
268.5279184,-77.4525795
336.9691002,-76.5460324
193.6003942,-76.0318379
5.5303188,-75.6498416
59.7850678,-74.5488741
172.6981338,-83.9344497
152.914736,-81.8345009
192.0773223,-81.1187149
156.7030025,-80.281642
155.2894686,-79.8073532
327.3940976,-79.5498405
259.496299,-77.5689535
180.7577999,-77.5138896
3.9956251,-87.3189639
91.8423795,-73.9525927
78.4880753,-73.6959356
15.3733016,-73.590543
328.9795816,-71.8629155
75.4795163,-70.635977
69.1808472,-70.0241738
80.8622518,-69.7899933
81.1992325,-69.5405804
72.5540244,-69.4701584
86.6236316,-69.3948431
235.4606228,-69.3402402
82.0245718,-69.3290303
84.1506551,-69.2351677
74.2366269,-69.1979109
73.4340917,-69.1792978
129.6173273,-69.1789214
85.8415336,-69.0322478
84.1552864,-68.9940173
77.3882201,-68.8834154
82.3796234,-68.6702262
193.3936891,-68.3374057
126.78827,-68.17356
84.1057318,-72.8427463
320.3051501,-72.1183589
129.9538149,-72.0404723
82.7709434,-71.1323598
326.6314085,-71.00618
25.0588651,-70.7348873
84.6157155,-70.6752218
320.786065,-70.6601925
85.3131691,-70.2727636
85.2877009,-70.1267314
341.8133361,-70.0499361
324.6092842,-69.6585649
84.0914698,-69.6321076
84.6949135,-69.5753839
83.6098172,-69.5552253
88.5644861,-69.5541152
83.6856099,-69.5332549
74.0360101,-69.5012249
85.8810571,-69.4286374
73.1995087,-69.3231198
83.8082898,-69.2266135
75.5874372,-69.0630285
77.0588556,-69.0394774
327.7633529,-68.7832048
358.7527027,-68.6992362
81.1483631,-68.5086338
81.1900927,-68.4835945
104.4878973,-68.4039331
16.8249896,-68.2062963
110.0465655,-68.0372685
65.4259556,-67.9938714
11.8281037,-73.3779596
107.1134582,-73.2821505
338.4640069,-72.3893553
145.0764015,-72.2654844
305.0729153,-71.7698788
81.0944723,-71.5321703
303.744687,-71.4405464
76.0315436,-71.111366
56.8957821,-71.0566598
82.1773778,-71.0001786
15.7027705,-70.7562018
205.1920354,-70.6839745
121.1939482,-70.6347183
80.8710438,-69.9075151
85.2723117,-69.7748836
85.3832898,-69.548511
83.8034365,-69.4187989
79.2957056,-69.291105
79.553336,-69.2126056
83.8662224,-69.1961426
83.5828179,-69.1711173
82.6133775,-69.1142895
85.6862645,-69.0372522
291.7275653,-68.8734515
75.268319,-68.8684492
257.179465,-68.6916036
82.9344496,-68.5200301
334.9400652,-74.1920532
313.9958656,-74.1393327
313.590509,-73.8398102
82.062404,-67.4351801
216.7277584,-66.662617
176.1065201,-66.5277025
74.1300077,-66.4998677
78.8540498,-66.432205
74.52649,-66.36829
91.3680929,-66.2142919
128.2910613,-66.1705448
232.3079501,-66.1532252
88.1932639,-65.9882874
331.1009879,-65.7090133
120.9141245,-65.5829145
358.7856454,-64.9894862
130.9536908,-64.9142465
177.8591389,-64.6255427
101.0890128,-64.6244506
358.9939037,-64.5800205
176.3936072,-64.3844676
174.8076731,-64.1850817
119.6059813,-64.1841137
196.7223762,-64.1618189
212.6792186,-63.9979649
171.3211192,-63.9935137
194.1835415,-63.8997729
180.8260285,-63.8542727
172.3197352,-63.8230018
179.4406196,-63.8147698
199.4444487,-63.8001403
182.5000688,-63.7802072
196.7545974,-63.7704827
176.4698939,-63.7498617
161.4112661,-63.6806948
173.2845507,-63.6510088
267.278453,-63.6277005
199.105188,-63.6174179
173.8295169,-63.4932212
204.2510321,-63.3909894
172.1249143,-63.3867673
174.2986085,-63.3729811
172.2033278,-63.3576605
214.3484144,-63.3354931
176.1395355,-63.2977481
178.926755,-63.2810245
182.1658673,-63.2273653
200.487547,-63.2213746
217.63776,-63.21894
201.8818546,-63.1289877
182.4049161,-63.0956679
182.5535694,-63.0706848
217.5648242,-63.0108484
183.7472919,-62.9580814
44.2147102,-67.8621025
233.2186096,-67.3685162
80.7507195,-67.1126942
6.6928463,-66.7928938
295.3724917,-66.6084995
74.343971,-66.4655134
210.8252187,-66.4012116
230.4410579,-66.145482
96.0836284,-65.5034096
198.4723649,-65.302049
177.603394,-64.8683602
156.3266625,-64.8390207
171.4918594,-64.69997
263.7062719,-64.6578652
200.6496945,-64.4533703
200.1409426,-64.4500741
175.9449659,-64.225838
177.0123544,-64.0839822
169.9385296,-64.0660503
205.3477504,-64.0020299
37.4289512,-63.9942777
176.4780872,-63.9786928
172.6509736,-63.9228306
171.1437034,-63.9041864
175.2631404,-63.8904467
202.0923568,-63.8769839
175.896567,-63.8646314
172.49568,-63.85835
177.1124743,-63.8541468
174.8193024,-63.766668
206.0206988,-63.743682
173.27784,-63.7340295
199.6984926,-63.6557945
181.4376256,-63.6543474
179.6224756,-63.6407696
320.4881225,-63.6014202
298.8609113,-63.5480491
110.9129132,-63.5225744
66.1314225,-63.5048336
205.6579386,-63.3496059
184.1903542,-63.279838
183.8046558,-63.2576842
174.1770786,-63.1468389
169.4730132,-63.080745
206.5678476,-63.0009848
164.8187481,-62.9842127
176.2924701,-62.9772741
200.4320709,-62.9550155
174.9666957,-62.9527686
333.2203025,-67.8874673
83.9478001,-67.7269072
5.1351427,-67.3512353
10.0644048,-67.2657832
225.2345866,-67.2368048
73.3969382,-66.9912202
92.5761864,-66.522258
74.0202269,-66.4190372
194.4144053,-66.0372978
236.0601582,-65.8015137
134.4324568,-65.7806297
267.6230481,-65.6224026
131.3597161,-65.4558859
15.5981685,-65.4279241
75.2735919,-65.3506646
170.39064,-64.9350291
89.6585993,-64.7879142
209.0553527,-64.4556666
191.3568259,-64.4117316
180.6979624,-64.3174141
175.4422507,-64.2654945
180.2139733,-64.2206088
172.2215912,-63.9519992
194.7083266,-63.9142333
174.4829762,-63.9051397
169.7432606,-63.780937
198.7052041,-63.7698353
161.2477917,-63.7380293
173.1443063,-63.6979121
182.4902012,-63.6934008
178.4624942,-63.6885592
201.9695049,-63.6424468
178.0551442,-63.5472744
182.1787271,-63.5412223
214.7113076,-63.4473106
173.2736414,-63.4342444
179.2297873,-63.394492
173.0321158,-63.382872
171.1997231,-63.3620758
180.6280609,-63.3570134
217.51435,-63.30071
185.6337997,-63.1738789
198.5130452,-63.1557032
164.606181,-63.1420456
176.0880809,-63.1334868
174.6589812,-63.1173452
172.975741,-63.1141216
81.8565297,-67.4962128
170.1238094,-62.8926482
228.9664615,-62.8812888
180.596427,-62.8508537
177.3264793,-62.8445058
178.56317,-62.81945
170.6129064,-62.7494282
169.9013087,-62.6441661
186.1172223,-62.6441021
221.9872147,-62.6436048
175.9639756,-62.6303973
181.7068167,-62.6117567
177.6506289,-62.5749018
173.3106976,-62.5069015
185.4302531,-62.4991872
166.3370092,-62.4768995
181.8904,-62.3842841
224.4545735,-62.3580738
209.5092637,-62.3092102
174.3406108,-62.2259866
174.3481587,-62.1765835
171.6980113,-62.1684603
166.2826743,-62.1467543
196.3844859,-62.1165746
172.5438548,-62.0907104
176.2417112,-62.0821227
179.4916508,-62.0530697
167.8912756,-62.0162183
307.7315772,-62.0013328
198.9823859,-61.9985398
39.6688404,-61.9464765
163.9170696,-61.9040582
190.5912686,-61.8691142
213.2863067,-61.8500893
216.4005077,-61.842981
166.7564265,-61.8420622
172.2864829,-61.8019973
167.6751266,-61.7217411
189.396645,-61.7160852
207.8719018,-61.7036739
164.0417274,-61.6900128
161.6731519,-61.6456688
330.5715364,-61.5967804
168.5746046,-61.5638645
203.1150036,-61.5362538
167.8094261,-61.4768961
170.1726168,-61.4640882
170.6603946,-61.425358
222.7746668,-61.4252948
328.8111311,-61.4172351
152.425063,-61.4043718
158.2734751,-61.3999953
157.6981219,-61.3196063
198.9726187,-61.3040177
53.6336219,-61.2897185
185.0376348,-61.2866994
196.2072579,-61.2597857
169.3510303,-61.1612913
162.69344,-61.1534506
163.4557922,-61.1375707
336.9183617,-61.1016129
204.03652,-61.00556
173.9728486,-60.8348857
210.3809004,-60.8211576
158.5854423,-60.7807177
165.5981728,-60.7354902
166.6637815,-60.6997454
173.564701,-60.6085548
165.5611042,-60.4895374
155.9928256,-60.4279556
166.7351064,-60.4095517
208.5057454,-60.3698837
169.2350972,-60.2497839
168.1487823,-60.2095049
185.6860976,-60.193066
161.2548105,-60.1808608
159.9383226,-60.1416055
160.8855035,-60.0285778
160.3430475,-60.0070887
232.5039172,-59.9722954
160.0837391,-59.970087
180.8315276,-59.9694261
159.2821313,-59.9528674
161.3957589,-59.9477493
167.1538414,-59.9326991
158.5924252,-59.8501325
158.5436872,-59.8392926
162.9229431,-59.8185589
222.3963339,-59.8016921
229.3219798,-59.7334528
171.7300909,-59.7077042
158.159689,-59.703053
233.5789104,-59.6411242
157.9854216,-59.6065774
220.1462809,-59.5643384
160.7511445,-59.4686461
161.1585015,-59.4624419
151.5149017,-59.4539978
158.6739859,-59.4418015
221.4601377,-59.4168548
221.4859719,-59.4093514
162.1445899,-59.3930815
221.9572345,-59.3123227
153.3215308,-59.2697381
229.8176179,-59.2542546
221.2097214,-59.2222953
20.0507895,-59.2021595
143.3392897,-59.2007665
154.3851098,-59.1879901
219.6014056,-59.1464925
156.4167111,-59.1358477
153.9209683,-59.0763869
221.0031712,-59.0493497
229.8898868,-59.0454742
160.3160545,-59.0254678
159.4853655,-59.0009955
161.7067925,-58.9487145
159.235921,-58.9318709
161.3842057,-58.902447
160.2918728,-58.8810069
217.666982,-58.875233
160.4468546,-58.8249776
157.6969148,-58.7935951
35.4496391,-58.7231311
316.9198731,-58.7144654
161.2965936,-58.6806722
153.0877316,-58.6187055
173.5740598,-62.9133606
184.7493741,-62.839839
209.8763551,-62.776335
182.6717935,-62.7277346
172.5125373,-62.7264225
214.569729,-62.7203626
192.0064083,-62.6791051
182.9148639,-62.6674041
183.5605738,-62.6631831
198.2086062,-62.6557517
211.77716,-62.61192
202.7190896,-62.5850893
183.5504109,-62.5580973
210.8463743,-62.5478823
5.1053261,-62.5472512
183.9814068,-62.4826113
164.3321438,-62.4774094
171.9020899,-62.4172306
167.73505,-62.39577
171.8924017,-62.3827968
198.4324338,-62.3373881
182.3928253,-62.32805
212.8237768,-62.2753509
218.4539852,-62.2698859
175.2635804,-62.2502896
163.5405572,-62.2490767
177.422475,-62.190942
196.8594805,-62.1517853
194.9260993,-62.1472708
184.6809145,-62.0818575
179.3870952,-62.056415
204.8661112,-62.0229896
170.6906032,-62.0101392
167.673901,-61.9161235
176.7623441,-61.8861394
154.971487,-61.8860012
183.1837252,-61.8327517
196.6356164,-61.8234646
213.4345559,-61.8135231
163.0816608,-61.7670713
196.8220749,-61.7439762
204.5893124,-61.6963869
182.5856541,-61.6914679
172.3732745,-61.6901537
224.6847593,-61.6040872
167.6630007,-61.536754
164.8506546,-61.4823532
157.4112972,-61.349413
229.2940842,-61.3351497
209.720259,-61.2918384
174.7276665,-61.2852761
160.8221179,-61.2185654
158.6228599,-61.2174743
197.826363,-61.2008419
168.0834693,-61.1772946
163.98719,-61.14845
211.5697702,-61.1076126
223.6328065,-61.0220514
165.8800622,-60.9545036
159.6447019,-60.9443439
172.4026372,-60.9352564
154.4956183,-60.8752539
160.2421947,-60.8439555
169.2878351,-60.8359366
169.1599666,-60.8241957
168.3163247,-60.8172324
146.273663,-60.8059154
156.7181592,-60.8036741
165.6344766,-60.7899334
169.1118225,-60.7605445
219.1948418,-60.715506
167.1672332,-60.7141849
168.4998308,-60.6070464
168.470117,-60.5983642
160.9700738,-60.5859814
164.3713767,-60.5059929
218.8024433,-60.4903456
216.3442856,-60.3457704
155.3179585,-60.3415633
162.5308306,-60.3316215
167.0397391,-60.3102077
166.7552017,-60.2915676
216.0006508,-60.275936
231.3408041,-60.2428685
166.2783838,-60.2417539
178.5248944,-60.2234887
170.8469569,-60.2178222
161.9376139,-60.2020623
162.8560413,-60.1466862
167.0581229,-60.10514
164.6910701,-60.0524682
160.7266813,-60.0498672
162.9635005,-60.0431019
156.0932621,-60.0155359
161.0400293,-60.0018867
162.9779347,-59.8904051
161.6939842,-59.8500857
160.0669203,-59.8428705
161.8510016,-59.8312912
227.9025088,-59.814079
177.0481226,-59.8075467
177.0423184,-59.7791065
163.4761498,-59.7553324
184.7517853,-59.6138317
161.8250157,-59.4941188
157.1658583,-59.426649
165.1194429,-59.4069105
205.4115658,-59.3701853
159.2271258,-59.3570158
150.8580101,-59.2930639
229.7400369,-59.2901969
207.027839,-59.1005246
161.0020772,-59.0496861
163.7806095,-59.0386585
223.7526891,-59.0188804
162.5348545,-58.9721568
161.8002978,-58.8975781
163.8459948,-58.8935947
227.0018267,-58.6883537
218.7665067,-58.6702686
220.8139895,-58.6649605
241.0113942,-58.622187
164.4178865,-62.9385122
182.228204,-62.9149045
208.02304,-62.80363
171.6043376,-62.7883718
180.5417412,-62.7783144
181.9412095,-62.7645698
211.6819755,-62.7524379
185.877064,-62.6917568
199.1684461,-62.6612128
178.3903367,-62.6385122
222.3280124,-62.6089434
168.7408262,-62.5976449
216.8391115,-62.5715135
0.2288087,-62.4873095
264.3129763,-62.4802001
185.645489,-62.4127336
206.9110306,-62.3978251
228.408298,-62.3714128
173.3011992,-62.3379633
173.592642,-62.3333835
172.980182,-62.2620803
169.7876441,-62.2586247
198.7035442,-62.2434389
170.8236946,-62.2129697
171.6456001,-62.167974
198.3609868,-62.1555197
219.717221,-62.1484554
212.5055474,-62.1066875
185.1934364,-62.0960391
167.1593502,-62.0758816
158.8371875,-62.0747719
22.455687,-62.0336766
161.8925327,-62.0179153
212.2325259,-62.0165723
183.7379847,-62.00827
163.9021463,-61.9723662
158.5747445,-61.9268444
101.7249815,-61.9023476
166.4652914,-61.8731347
199.3630961,-61.8204555
198.4707045,-61.7631924
166.6945538,-61.7629804
168.4380316,-61.733489
174.062168,-61.7147743
167.9068145,-61.7057391
181.5484421,-61.5497043
162.7266981,-61.5452828
166.7378746,-61.4729675
168.6360506,-61.3778634
229.3770399,-61.3313293
158.5836062,-61.1838798
213.3901105,-61.1692442
161.417727,-61.1624867
166.045357,-61.0942275
179.5509799,-60.9951856
211.5617249,-60.9187335
169.1300248,-60.7707911
161.0633662,-60.7565236
161.2240413,-60.7365697
159.2249994,-60.6768347
167.9893321,-60.5961405
160.2815819,-60.4761103
244.3307652,-60.4634585
222.26937,-60.45109
231.29197,-60.2373362
161.1245915,-60.1616183
164.1485001,-60.1490864
162.3298369,-60.0772588
168.9467929,-60.0186586
160.6707125,-60.0172959
163.2546865,-59.9500337
217.8575796,-59.8920158
137.9794314,-59.8526883
162.1310945,-59.8267009
155.8641529,-59.7338509
164.7842399,-59.7224869
223.0623359,-59.7028029
163.769878,-59.6990436
224.7412378,-59.6873725
184.2228214,-59.6781136
161.3850189,-59.6148611
220.3095851,-59.4972723
163.7475213,-59.4816841
160.4485084,-59.3566836
155.5128477,-59.2956015
224.8640595,-59.2690483
160.5157811,-59.2528001
160.5224479,-59.1566599
150.462831,-58.9402368
163.1877313,-58.7568776
158.8150195,-58.754554
151.5205974,-58.6755336
153.8745954,-58.6282607
165.2674624,-62.9165665
173.957104,-62.895466
184.3262871,-62.8835874
221.7988996,-62.8472201
141.0433046,-62.836818
175.7784093,-62.8283552
208.6086815,-62.7756751
175.3720434,-62.7411435
225.1239127,-62.6462389
175.6979501,-62.5793034
198.110064,-62.5780952
182.9463663,-62.5753872
225.7499175,-58.6119402
189.6870254,-58.4944817
159.2308337,-58.4245904
154.2525394,-58.3871208
223.9291662,-58.271779
165.2049562,-58.2559364
24.1565536,-58.2191866
161.037268,-58.1984184
160.2387639,-58.1721703
153.6968033,-58.1702511
262.7167395,-58.1483694
150.9305051,-58.1333858
154.4120761,-58.1246945
155.4593276,-58.0431039
128.8945577,-58.0364181
156.0736872,-58.0341924
155.1526315,-58.0262349
156.5151514,-57.9716773
153.036721,-57.9636562
152.0362355,-57.9564834
131.1386214,-57.9550866
57.124,-57.93471
160.7465139,-57.9043293
224.3130947,-57.879602
150.1957679,-57.7811826
359.9274799,-57.7732021
232.7937718,-57.7359733
155.691804,-57.7053356
156.6363558,-57.6916751
107.8590337,-57.5989212
153.9545929,-57.5515468
153.5206613,-57.5323246
152.2129874,-57.5205761
155.9447709,-57.5087662
114.2837626,-57.5036437
154.3493123,-57.4557829
152.1431461,-57.3871158
160.762501,-57.3239837
166.7858348,-57.1097841
151.2230034,-56.8945844
230.3500529,-56.8869726
248.4187933,-56.7772374
101.3241948,-56.6144768
227.491641,-56.5521429
154.4308487,-56.5167058
156.5381142,-56.4069211
188.2011797,-56.0296185
159.521123,-56.0048866
236.2884178,-55.6200636
148.2195479,-55.6180171
292.3852921,-55.5629134
235.7220803,-55.4095342
234.9620635,-55.3423672
234.9688036,-55.236898
56.6340436,-55.0191022
154.714485,-58.5687149
156.3897152,-58.554114
155.8960056,-58.3582757
165.1408046,-58.3410905
158.4590836,-58.1565953
152.8570028,-58.1402185
159.1540114,-58.0864847
153.7566733,-58.0796286
153.293166,-58.0282952
153.7892114,-58.0199751
230.1434543,-57.974093
228.0171126,-57.9475506
151.8284502,-57.9207565
156.6282297,-57.8588309
73.0286242,-57.7979768
158.7746796,-57.7423654
159.7008601,-57.5691782
151.3260002,-57.5300799
156.2788143,-57.5084784
152.3532475,-57.4441754
157.5305765,-57.4166575
73.8154353,-57.3454316
159.4637076,-57.3330722
156.9879122,-57.2491997
152.8423049,-57.2265681
151.9496547,-57.1729277
160.1342119,-57.1577475
175.6943835,-57.0605417
159.6667174,-57.0259062
170.3765519,-56.8927791
52.9035473,-56.6980777
248.2565035,-56.5521548
244.9820821,-56.3337849
107.6013066,-56.3269066
157.2971321,-56.3017685
234.3833689,-56.2973377
157.3383103,-56.2569261
192.2939043,-55.8301918
237.2175875,-55.4345186
158.2743876,-55.3468866
232.4015331,-55.1260517
237.0080645,-54.8018192
225.79243,-58.6109
214.0933424,-58.6105285
152.687364,-58.601661
155.5147381,-58.5096829
152.5621072,-58.5087131
159.5677284,-58.4687509
160.2136343,-58.4329262
158.8639155,-58.4226633
160.799959,-58.4089211
165.2753532,-58.3036703
156.9395501,-58.2841209
156.8089827,-58.2791065
156.6449428,-58.1129919
150.9060747,-58.0986499
157.830657,-58.098582
163.6185813,-58.095466
217.6309007,-58.082712
158.9453033,-58.0633709
153.5277759,-58.0498097
153.3116201,-58.0185585
151.8931215,-58.0093992
232.338659,-57.9370493
225.6876257,-57.9014129
290.9037592,-57.8931315
158.2198402,-57.8297036
193.6735017,-57.7954148
160.3510866,-57.7590272
154.2838022,-57.732848
158.4368248,-57.6723303
159.584206,-57.6315092
188.6874308,-57.586054
152.1120766,-57.5543296
228.6492238,-57.4405365
153.195968,-57.4066758
40.1465795,-57.3727076
188.5321765,-57.3136255
240.0043257,-57.2956708
134.5687485,-56.9171738
157.9012023,-56.8248871
165.0045096,-56.5404253
156.8289167,-56.4273068
237.0792615,-56.2571515
161.7642878,-56.0328449
235.8641773,-55.7954727
343.175947,-55.5170963
267.3067127,-55.3465971
236.5871031,-55.3362215
236.0372505,-55.3009813
233.09481,-55.23617
74.9701838,-55.1061182
150.823137,-54.9834682
145.9957888,-58.6108894
225.3194576,-58.506037
158.5669807,-58.48727
150.9417757,-58.4845321
159.3858124,-58.4773201
150.564357,-58.4654063
231.9273438,-58.4018752
118.9665993,-58.3754394
161.4126933,-58.3168258
154.0576502,-58.3009669
71.5231363,-54.5056405
233.2939235,-54.4288918
162.7355936,-54.3181987
238.7131575,-54.1414176
37.145869,-54.0350616
241.81115,-54.01466
241.9138079,-53.8916534
239.8675359,-53.747676
246.4623169,-53.743436
60.0286806,-53.6766189
53.9036777,-53.6655935
54.6783852,-53.4591984
236.9245357,-53.35835
242.9177895,-53.2752173
159.2775543,-53.1081865
243.6486206,-52.8050191
245.0252367,-52.4013767
244.8114706,-52.355862
41.9960028,-52.3040591
115.1420887,-52.2771797
124.4442482,-51.8939656
240.8065184,-51.8536595
55.8665028,-51.6681452
56.5630064,-51.5207465
59.3459486,-51.4594599
250.6455057,-51.2856352
11.8085996,-54.6841032
59.1701647,-54.6240869
238.1507797,-54.5939416
234.2593684,-54.4900609
258.0467743,-54.4730503
241.039308,-54.3871897
142.7272651,-54.3734105
145.6806969,-54.3715005
327.9846791,-54.356445
106.4423977,-54.1330806
67.6667779,-53.615453
238.1280022,-53.5860853
147.6954427,-53.2982409
4.0302071,-53.1783255
244.6803107,-53.120699
26.8044719,-53.0749882
242.2191291,-53.0157317
244.3495749,-52.9410703
191.2960982,-52.8729772
68.0476719,-52.866654
246.7848028,-52.7405022
240.3314013,-52.7076916
46.516381,-52.5988334
347.1348687,-52.5654901
70.6558353,-52.5361816
140.9899938,-51.990593
169.6210242,-51.9122815
355.8772593,-51.681958
246.7472584,-51.5172065
240.0397918,-51.4535181
75.20791,-51.3539452
213.7577871,-54.58408
175.7113886,-54.5473685
223.7969723,-54.4670014
237.6471605,-54.3066428
236.5309553,-54.2394773
237.240692,-54.0463759
155.1842211,-53.9060656
174.0428352,-53.4005407
53.6986492,-52.9751264
171.578705,-52.9130536
242.9649463,-52.8449558
38.5851168,-52.8047065
159.1691082,-52.6610822
135.8044008,-52.6319814
78.7864106,-52.5728189
162.5494467,-52.5679461
243.25655,-52.52807
248.2227324,-51.9243349
186.6906439,-51.7415427
240.2798327,-51.528343
242.6608537,-51.500617
163.1923966,-51.3852591
148.5642492,-54.7635722
55.1692149,-54.5179868
237.8236471,-51.1981315
251.6442598,-50.9327034
129.0603581,-50.8369248
170.8738522,-50.6106231
232.0409049,-50.6040498
133.2879944,-50.5357457
248.6707029,-50.5171424
322.1699682,-50.4408922
248.9256702,-50.4298036
244.5148285,-50.2881098
242.6309037,-50.0125017
133.3649887,-49.7758045
137.7936334,-49.6730669
246.3846852,-49.6500028
134.2241092,-49.496741
138.0853005,-49.4730387
134.9557011,-49.2195115
134.0728465,-49.1090135
137.2046848,-49.0420748
243.1218078,-48.9972978
138.3917174,-48.9904777
135.8595479,-48.920999
250.0167495,-48.7825869
133.1621282,-48.7285259
239.1647271,-48.5042418
154.8305841,-48.2677494
253.3227503,-47.9600582
6.1155079,-51.2533459
179.5730803,-51.1349301
247.0347129,-50.934025
338.9330592,-50.8908309
138.3667176,-50.4625592
253.5404625,-50.3984317
259.2235565,-50.3792476
244.9162241,-50.3479387
345.7759631,-50.2724025
148.6927823,-50.2478606
245.3979517,-50.0087256
347.3919903,-49.8479664
144.1618495,-49.7158978
328.5632906,-49.6597669
34.1568206,-49.5869726
141.2170916,-49.4932068
249.1884369,-49.4617588
134.246774,-49.4287765
248.3376645,-49.3682337
134.0599339,-49.3668627
136.2775055,-49.3092559
248.4521903,-49.2521249
243.4265061,-49.2382011
239.3265252,-49.1968845
135.2894042,-49.0028307
249.6648829,-48.8254767
135.0319995,-48.7301552
135.5150617,-48.5981199
243.7832875,-48.4703032
252.06323,-48.37474
247.536994,-48.1739027
139.0949838,-48.0459332
137.2785034,-47.9772847
151.6787158,-51.2246453
241.1463129,-51.1878771
242.34141,-51.1367
241.170079,-51.0815299
126.8315618,-51.0005268
332.2985988,-50.9239099
142.2398522,-50.9144708
288.0120918,-50.8769018
135.2082445,-50.8029177
246.5163098,-50.547991
245.338747,-50.5388079
57.6863081,-50.3946135
242.5402767,-50.3690697
189.864581,-50.0367886
138.1883036,-49.5903481
250.5076152,-49.3430658
138.3334736,-49.2222601
135.1216832,-49.1726302
130.8529222,-49.1294107
229.430039,-49.1214132
62.784457,-48.8977457
245.4306293,-48.8248211
250.2234015,-48.7245644
134.5807627,-48.656226
250.6589399,-48.6315142
70.6397043,-48.5516823
242.5943877,-48.4849342
250.04726,-48.07913
62.7369209,-48.0695854
109.6847151,-51.2547871
244.9009129,-51.0835595
168.2383593,-51.0051071
248.1286555,-47.7649058
251.9560334,-47.5470388
138.8741884,-47.5431598
228.5049967,-47.5342638
134.0276738,-47.4896697
134.7545134,-47.2470091
251.9737983,-47.1950562
186.2367044,-47.1899037
248.297175,-46.9837317
171.9680717,-46.861522
234.3997167,-46.7065972
348.1613686,-46.5957646
254.8275657,-46.4040888
70.9375801,-46.402121
309.9723813,-46.3629368
246.7656055,-46.3313541
113.8776105,-46.2863023
150.4064666,-45.8451519
322.5764076,-45.6076798
136.6488022,-45.553671
118.5930495,-45.5443022
253.9360081,-45.4781199
252.2493546,-45.2968774
252.094429,-45.1037332
229.0749782,-45.0350617
136.0831468,-47.9364702
138.9729631,-47.9290161
138.9688661,-47.9167558
246.8690248,-47.8406173
47.0475386,-47.8104249
250.6225346,-47.7838486
135.8899748,-47.4641146
134.4495759,-47.343707
253.4319978,-47.2693157
250.2874767,-47.2258097
249.6295535,-47.0890749
253.790786,-47.0333956
134.0363938,-46.9990437
160.7659466,-46.8730587
249.7226945,-46.8212842
251.2578109,-46.6707357
246.343743,-46.4591564
126.6672344,-46.3426955
247.7559823,-46.0316279
250.7874483,-45.9956852
3.8200365,-45.8285868
201.778017,-45.7642043
215.1559102,-45.7600333
249.7921007,-45.6900892
257.5290499,-45.637082
249.8074613,-45.5935115
250.4598267,-45.4442808
247.7989267,-45.3937504
251.9731346,-45.2899642
253.668078,-45.2045948
72.8707679,-45.1211088
252.4614882,-44.9425199
287.0721001,-44.8144921
138.9279979,-47.7847592
139.50763,-47.68602
134.6443085,-47.471177
138.8602006,-47.4407499
138.8143436,-47.3634255
134.8348541,-47.3390891
249.6413882,-47.3124361
64.3391548,-47.3043018
258.272827,-47.1162961
136.0059301,-47.0826209
250.8156744,-46.9425306
248.798545,-46.8536007
254.6044979,-46.5271292
245.4639172,-46.4944971
61.0247977,-46.2442505
130.9304929,-45.8436179
251.0120246,-45.8014966
201.3217661,-45.7684649
59.5614444,-45.5123502
256.8480682,-45.3747812
233.482652,-44.9900006
139.2224491,-47.848124
139.2465747,-47.8450792
193.3377152,-44.7001321
251.1570815,-44.5138233
132.5389857,-44.448074
251.2690415,-44.4424717
259.4734452,-44.3869532
185.8802322,-44.306516
132.706177,-44.2943416
168.75013,-44.14789
254.2178212,-43.7060072
137.3762173,-43.7031656
67.5062582,-43.687581
129.9599073,-43.5303155
255.116931,-43.4952541
252.3598613,-43.3254697
319.6774533,-43.2566624
112.708748,-43.2106703
134.1999719,-43.1843912
158.544486,-42.8418391
133.0119388,-42.7990906
132.141302,-42.6168734
134.4370431,-42.6008782
251.4782095,-42.1874769
133.4938451,-42.0190552
248.9919542,-41.8759167
251.7014338,-44.767084
286.9121554,-44.6927325
134.8960195,-44.6064908
250.2678118,-44.323311
109.6573478,-44.2494326
308.5939031,-43.9686528
247.8562587,-43.9095002
132.3029613,-43.6335572
128.1208531,-43.554048
254.0184883,-43.4536912
251.0631664,-43.4527758
132.6322585,-43.2288215
252.8064878,-43.1278013
250.7078912,-43.1052382
250.9042753,-42.849318
265.9110273,-42.8483587
89.5734061,-42.8035471
252.449402,-42.7846953
134.5199305,-42.7468923
258.6204685,-42.5902215
132.8260007,-42.4201111
132.9788206,-42.1562593
76.7803208,-42.0449122
251.9843309,-42.0237701
254.7159683,-41.7860552
136.1031243,-44.718878
251.8650884,-44.3077996
239.9632788,-44.1002604
108.6305357,-43.9614024
351.3092704,-43.9200385
123.0498582,-43.8920055
203.7691889,-43.7512319
135.046174,-43.6903986
252.8937179,-43.5289069
247.9384688,-43.4035483
248.470535,-43.2119654
132.7832697,-43.1365063
255.3534668,-42.9356767
132.186728,-42.9334472
131.6356722,-42.7934505
260.9725189,-42.7754721
156.7897559,-42.6065898
257.844685,-42.5251155
133.6012375,-42.1857608
186.3967015,-41.9347119
249.9535668,-41.9246883
244.9525866,-44.7640247
259.3941925,-44.682135
251.4645878,-44.6601662
305.8010357,-44.6469603
56.3695701,-44.587268
242.5722321,-44.5637076
266.3453724,-41.7563415
133.4820007,-41.7547149
252.5458799,-41.6226939
350.4026086,-41.604148
196.5235176,-41.5663928
131.5846615,-41.453149
260.7517744,-41.4108263
252.8507621,-41.3603703
222.1691954,-41.2940303
255.0774304,-41.0656532
52.0132539,-40.9073424
115.6113847,-40.2593353
254.8278144,-40.2363398
293.6722087,-40.0142609
146.9063096,-39.996676
187.3424053,-39.8516348
260.0495727,-39.7323136
6.6807779,-39.6964369
316.9934222,-39.4841668
257.8125642,-39.1654914
130.3243182,-39.1426746
263.7330209,-39.0934776
47.9092223,-39.0847715
15.6423876,-39.0746728
262.698992,-39.0202576
128.3384509,-38.9883
261.0003668,-38.9816697
259.4953513,-38.8910622
230.6041886,-41.5576003
131.35362,-41.40325
130.97858,-41.28949
131.461134,-41.284699
259.2385369,-41.2666291
197.4025103,-41.051121
299.342917,-41.0497003
253.4208846,-40.9840132
257.5708219,-40.8662306
248.3063,-40.85269
254.5760029,-40.8438032
128.8419046,-40.7111033
252.7538308,-40.6210662
250.6598959,-40.5378398
206.5836493,-40.4929577
192.8993454,-40.4401703
254.6518471,-40.3931021
253.4614504,-40.3133887
253.1649786,-40.1342765
130.8224607,-40.0980607
254.5158581,-40.0609695
254.54258,-39.97221
251.05764,-39.94067
334.9045036,-39.7620005
252.3913362,-39.7597716
317.1523008,-39.5875177
253.4548788,-39.5432521
258.7671647,-39.5077554
254.0713298,-39.4250889
257.1384116,-39.3761551
2.5596372,-39.361361
9.1484309,-39.3393922
50.7365501,-39.2601429
259.6740928,-39.1020851
261.7282714,-39.0678368
251.576669,-38.9645194
257.5786462,-41.7611186
249.0948375,-41.6584792
252.9396874,-41.4891121
255.410567,-41.466849
255.9828669,-41.3553479
257.7261958,-41.3529695
252.1577052,-41.2896845
249.7852504,-41.1763858
342.5336919,-41.0804605
253.4505458,-41.0048237
250.8796338,-40.9667556
230.96152,-40.92801
170.1606439,-40.8269794
124.7127083,-40.3678778
254.1284836,-40.3144959
256.9724264,-40.2474021
247.5591476,-40.2106118
159.6899104,-39.5448718
45.8700868,-39.5230558
249.3863077,-39.3353014
261.0033891,-39.0094173
251.063744,-41.5443403
174.602512,-38.445241
252.1044936,-38.3995286
261.5156549,-37.9764611
266.3844614,-37.8119429
261.9993861,-37.7272934
199.3003675,-37.681019
262.2848597,-37.2421755
175.9884834,-36.66346
76.8015799,-36.5547186
253.2280024,-36.5161267
141.1383974,-36.4342312
124.8162243,-36.3074383
256.5022257,-36.0816448
258.5614843,-38.8559843
257.0576982,-38.5540634
260.1367928,-38.3280404
283.9570901,-38.2419922
183.4422276,-37.8470604
257.9485281,-37.7217859
206.973443,-37.5876491
266.6491759,-37.4135736
131.8610654,-37.213836
258.6872513,-37.0317963
262.659008,-36.8246813
275.1242653,-36.6196734
0.5811997,-36.5244471
343.397929,-36.5170212
103.8624584,-36.4836787
123.7113148,-36.3665281
122.4289091,-36.257366
215.3128335,-36.22239
252.0787979,-38.741924
261.6344881,-38.7291254
51.9188611,-38.6782173
191.4072381,-38.6699919
248.4783939,-38.5954492
254.6880671,-38.2812482
262.193075,-38.1799904
261.4878429,-38.1129678
166.1239438,-37.9663276
116.4570125,-37.4367766
257.1179339,-37.3294351
221.1477182,-37.1484872
72.1824739,-37.0219323
285.501944,-36.8727555
133.0118697,-36.832905
260.1194823,-36.7243961
259.8289268,-36.5959091
59.295748,-36.3331318
258.6839615,-36.1730515
260.9105766,-38.8273959
126.5449133,-38.6573762
256.058836,-36.0012522
117.1970506,-36.0010244
263.6116358,-35.7928863
259.9731624,-35.7390888
311.119417,-35.6999414
310.860559,-35.1668134
339.5502436,-34.9301759
260.8952872,-34.8398234
109.2005703,-34.7308165
266.9734931,-34.6336152
266.6693541,-34.6288083
268.0456762,-34.6174358
257.5957521,-34.5500379
252.039674,-34.4823981
266.1541834,-34.3435051
260.962333,-34.2710251
165.7523447,-34.2285072
260.4887087,-34.1704322
264.7902924,-34.1301275
225.1567312,-33.9827149
223.7897237,-33.8657455
22.5306782,-33.7703153
279.6839189,-33.7662224
268.6228941,-33.7578338
260.3205619,-33.6224657
260.6091265,-33.5974354
54.9504982,-33.4897983
200.2068408,-33.4447553
15.0212296,-35.8504139
259.4943566,-35.7001134
260.8523732,-35.5303008
264.7573625,-35.4380774
122.6865058,-35.3718168
171.0353782,-34.9933407
256.9044232,-34.9007744
265.0868135,-34.8696193
250.067406,-34.3817186
297.1941293,-34.3410022
266.8434395,-34.194013
260.8237345,-33.9889351
260.2121671,-33.974694
116.849501,-33.8961801
261.2480758,-33.7992904
265.1775505,-33.7868813
259.0766915,-33.515264
230.1046759,-33.4735879
255.9809847,-33.4580283
358.6217072,-33.3858957
4.3401219,-33.2900347
285.6667275,-33.2575047
252.7044078,-35.9837503
262.5148162,-35.9356175
178.8241558,-35.9226772
265.6950263,-35.7323921
204.8768408,-35.7294807
260.19494,-35.70201
260.2222577,-35.650818
252.0884168,-35.6351958
124.0685571,-35.5073258
259.4271021,-35.4581509
178.0534454,-35.302408
262.596929,-35.2367817
259.5692461,-35.2360625
261.5377563,-35.031825
260.7005499,-34.579918
261.1962881,-33.9741012
292.5130221,-33.827842
259.5630425,-33.790439
117.4794541,-33.6448084
28.664403,-33.4271444
267.6547139,-35.9910429
142.2681709,-35.9506639
262.425033,-35.9026433
54.2370113,-33.1261402
168.5484095,-33.0872244
256.552212,-33.0566771
256.521599,-33.0143951
209.7047743,-32.7780128
267.8225439,-32.2393674
122.980577,-32.2222948
258.7710877,-32.2219988
267.6078375,-31.8714084
23.0329273,-31.7767515
257.3655592,-31.7677609
261.8910532,-31.4649918
108.9088591,-31.4322406
267.0849318,-31.3814613
259.8311026,-31.2805877
36.8880376,-31.2750987
261.8859092,-31.1877107
265.1202306,-30.9396369
287.8995241,-30.8725886
257.3313909,-30.8724195
256.7874187,-33.1741361
122.5309606,-33.1484232
264.9010319,-32.8586547
268.3969495,-32.6526939
262.4503853,-32.5925689
267.495173,-32.3321299
259.3896641,-31.8719581
108.1282914,-31.5570792
62.1278096,-31.5027379
265.8148844,-31.4966134
142.8392512,-31.3699853
266.3317719,-31.0966576
292.009993,-31.0714899
265.0569,-30.98941
266.2818488,-30.8998071
92.254343,-30.8903805
305.2920981,-30.862849
359.6716796,-30.6905752
130.213598,-33.2051842
191.4164339,-32.8348205
266.7459293,-32.34226
233.9571494,-32.3238216
262.0296445,-32.257083
265.7985554,-31.9943664
253.5916765,-31.9680047
202.9786186,-31.9010281
266.3774491,-31.7894282
265.1442566,-31.7723797
265.1765974,-31.7585426
265.3546616,-31.6907792
270.3739715,-31.5938937
263.2490857,-31.5637146
265.6360655,-31.5570393
39.3651666,-31.3487527
264.0599151,-31.3229146
19.2145896,-31.1046251
302.7871003,-31.0619963
345.561407,-30.9613933
269.0287718,-30.8173739
95.3591386,-30.6513077
2.9524004,-33.2467335
266.236985,-30.4194298
348.1448804,-30.2287863
0.6477966,-30.1171952
262.0934197,-29.8093991
206.4168427,-29.6835568
269.7881036,-29.5942745
262.8918852,-29.387409
270.2545692,-29.3309799
254.0253964,-29.1718051
0.3511412,-29.1465359
337.5989952,-28.6701195
35.0023956,-28.6125153
263.7862716,-28.4423311
262.7239877,-28.1723582
266.20561,-27.98009
262.6774003,-27.9313406
267.13446,-30.5510142
261.9681887,-30.1558056
345.5349631,-30.0908846
265.718012,-29.9888661
279.0499596,-29.9173184
268.551799,-29.5469823
266.1823132,-29.3172719
267.75355,-29.1754692
298.7527178,-29.0958255
268.0921945,-28.7538971
268.6493449,-28.6771733
273.6173393,-28.6128881
271.4406044,-28.2243726
264.650985,-28.0721372
231.5302599,-28.0109027
281.7704586,-27.9338278
251.6343078,-30.4653996
100.0579355,-30.2344611
271.8279027,-30.1075649
270.6620861,-29.8476368
125.2665107,-29.6947846
263.7365327,-29.5941919
158.5685939,-29.5758168
257.5494174,-29.3478076
270.6466242,-29.2894484
186.2323353,-29.0968894
196.7025252,-29.0108927
265.0646221,-29.0051021
193.890814,-28.9851417
133.7672001,-28.9486111
37.1574003,-28.7792688
272.1176127,-28.4094706
263.8391496,-28.0363819
52.0669208,-28.0312575
41.8005947,-28.0221579
184.9024325,-30.4743583
257.8669298,-30.4593658
108.4108151,-30.3939079
267.3787661,-30.3617899
254.3035208,-30.3531754
266.6049184,-27.8711699
269.5016805,-27.8002068
303.4137074,-27.4008579
272.6749198,-27.2627755
265.4783595,-27.055598
202.0417278,-26.7401977
319.8342696,-26.6797411
265.5765272,-26.6713995
118.0960994,-26.609682
268.0399277,-26.6040236
267.9040196,-26.455318
262.7047671,-26.2146995
274.5389554,-26.0598798
110.7466576,-25.8215081
265.5462851,-25.5893543
119.0044757,-25.5247031
260.8430085,-25.4909536
260.8028623,-25.3681531
271.2403262,-25.3421741
271.6493974,-25.3144633
267.543607,-27.7216209
266.8338892,-27.24478
252.7909539,-27.0697796
320.8019474,-27.010919
271.2289017,-26.6635596
271.0649263,-26.5451074
118.0863832,-26.4935249
33.7706186,-26.4508302
245.9069628,-26.3439797
5.7273992,-26.1775044
264.3323526,-26.0327697
255.2240504,-25.9550578
260.3827972,-25.7404616
272.3065282,-25.6030317
273.6400125,-25.3804711
276.1448984,-25.3621485
268.0009993,-27.5402023
268.965771,-27.4949283
272.6291356,-27.2495863
251.2053437,-27.2226604
117.6303999,-27.101779
267.8402818,-26.9123712
18.5397646,-26.776053
274.332768,-26.7024824
273.3275355,-26.6981885
194.7282376,-26.4643072
67.430395,-26.3875392
266.9728752,-26.3044579
272.2712651,-26.1826108
113.7512177,-26.1523573
8.9830131,-26.1189274
290.1395349,-25.9256389
264.1190628,-25.6766278
275.6687493,-25.475626
267.4417208,-25.3749741
276.2577076,-25.3652317
270.3540287,-27.8356795
101.6895217,-27.7498617
274.2203163,-25.1022518
246.6787939,-24.7065809
251.0751369,-24.6060048
271.0597521,-24.5156966
271.7597562,-24.3562677
271.0332879,-24.2893872
123.7528026,-24.1227099
325.1657858,-24.0224822
263.150337,-23.9726215
268.0694316,-23.9386138
268.8622658,-23.8749864
100.575668,-23.8324116
268.1896683,-23.8005144
330.084011,-23.7895366
272.384249,-23.7364515
271.0878325,-23.6310531
264.7737264,-23.6109858
124.5267426,-23.5003522
268.71779,-23.177093
132.1871899,-23.1610502
272.3702621,-23.1203134
272.3701097,-22.751287
103.6858963,-25.1160237
138.3827729,-24.8918033
54.0238281,-24.6863086
246.6681291,-24.5570109
239.4079948,-24.5034363
266.7552222,-24.501236
267.5179671,-24.483695
246.3937901,-24.4047016
344.8910068,-24.3799
260.0277258,-24.3318905
62.5589881,-24.2705888
251.7357563,-24.1967327
279.1800663,-24.1945521
316.2513624,-24.0259792
113.4989238,-23.9738563
119.0747082,-23.8944625
270.949878,-23.8566302
284.7878463,-23.7765557
270.8330472,-23.6902212
289.2189282,-23.5797839
349.0210177,-23.3791764
235.0733227,-23.212289
245.7400806,-23.0165531
272.9751759,-22.7842927
267.5493796,-25.115041
272.9305597,-24.9789563
272.6026978,-24.9403339
272.3458072,-24.9229164
198.0918081,-24.905454
272.4282862,-24.7701803
246.7532465,-24.7660838
271.6152166,-24.6926531
334.2076174,-24.6655513
83.1694455,-24.5284579
246.3718548,-24.3966409
264.241101,-24.2833563
273.792048,-24.1341987
271.5253008,-24.1281506
353.4471609,-24.0697743
79.2669639,-24.0034729
113.4633485,-23.949804
267.7767078,-23.6614034
264.8569254,-23.4324805
277.1069567,-23.375067
267.0673559,-23.1127573
245.9155133,-22.7378301
262.5122095,-22.7099724
245.2071575,-25.1131346
105.1040499,-22.1498954
264.649715,-22.034175
299.8227644,-22.0084318
109.5744516,-21.9935441
261.7352469,-21.7457141
271.0359444,-21.7057916
264.105839,-21.5180379
153.6381676,-21.3868113
275.1321973,-21.2896001
270.3807993,-21.2888748
165.2816259,-20.7868802
272.0868977,-20.7562005
343.6481259,-20.6971209
270.4974426,-20.3284172
111.1061532,-20.1786093
270.3232106,-20.1239365
111.3555425,-22.5619321
315.9470224,-22.5263881
111.2047223,-22.4950995
264.3446557,-22.1812987
132.7022313,-22.1650225
266.5813765,-21.9838658
269.9149125,-21.9539634
109.860065,-21.923821
274.3791012,-21.656184
263.4316135,-21.6179827
213.9328997,-21.5521169
269.9779968,-21.4025836
329.5268589,-21.1696558
274.8574216,-21.0732975
341.2190358,-20.9925907
30.092822,-20.9224011
270.0972098,-20.8730661
271.1167514,-20.8286892
269.8819258,-20.825812
271.5517812,-20.4546558
265.7145484,-20.3382806
271.5087647,-22.5943981
272.59138,-22.24324
270.2722063,-21.9052524
59.059903,-21.8893605
264.075344,-21.8617002
1.5678882,-21.7163486
35.8204772,-21.398679
282.8912756,-21.2560474
263.5252927,-21.149207
272.5284695,-20.7882506
271.8966596,-20.5710209
81.5417241,-20.2985151
307.2147355,-20.1731101
346.3212449,-22.4821892
47.1311365,-22.4233632
272.2052436,-19.9732031
269.9789266,-19.9217956
141.5931248,-19.7427993
185.8656571,-19.6937389
273.9882508,-19.3136388
112.8447349,-19.2760848
277.1493378,-19.0616615
114.0248314,-18.9236846
73.8601335,-18.9010322
273.3297995,-18.8993843
277.4551931,-18.8222182
275.6078622,-18.6868008
107.5395031,-18.5110763
274.5040399,-18.3056458
331.9992081,-17.7653901
181.669286,-17.6093044
228.156817,-17.5798371
34.0753301,-17.561296
114.5750629,-20.0358046
211.5424941,-20.0247685
269.6407755,-19.6437283
273.5304368,-19.6349367
271.0997274,-19.359014
113.3426226,-19.0369712
275.5027907,-18.9953844
273.8195276,-18.9051112
113.912228,-18.8412943
270.3961689,-18.7857443
270.4775586,-18.7810199
274.8672216,-18.7472102
286.5828999,-18.6555366
271.7804419,-18.5525404
107.5376212,-18.5075873
277.0592793,-18.4268812
274.8264644,-18.2456845
121.0924341,-18.2236157
274.1704996,-17.9280045
277.0159562,-17.6423021
107.0868712,-17.5533193
273.8929261,-17.4668848
143.4663246,-20.0083825
271.8603716,-19.9203739
133.9855644,-19.8578081
275.8461174,-19.1723739
272.425406,-19.072128
311.0673514,-18.6999881
266.4479627,-18.6653588
74.1176971,-18.4430555
107.5337702,-18.42214
119.749501,-18.3594417
212.2840982,-17.7956643
119.1812264,-17.7816807
188.4982199,-17.6459553
277.6437481,-17.4415074
275.0423371,-17.3277863
277.2933397,-17.3228962
126.9515472,-17.2877045
274.5290369,-16.9307247
195.2724937,-16.9177914
275.3348501,-16.7992483
44.9154179,-16.7851707
127.850759,-16.7749524
272.834867,-16.7421785
273.6716303,-16.6903805
76.1261617,-16.5820889
276.7820852,-16.4953684
198.2704177,-16.262956
120.4657059,-16.257234
273.5691214,-15.9056191
59.1910403,-15.7977506
334.4763512,-15.7851314
271.8884964,-15.7527244
276.5355749,-15.4212141
275.3434691,-14.9283576
116.8685421,-17.0652588
273.99854,-17.04835
274.3711517,-16.9841275
273.0223638,-16.9468118
4.2394282,-16.8567234
290.7990954,-16.7935216
316.6175933,-16.7708725
269.5983445,-16.7017436
113.8249499,-16.4103429
336.3974164,-16.3576185
54.0629774,-16.1129659
275.6372892,-15.9140946
274.123788,-15.594614
200.9577037,-15.4937971
273.7311485,-15.4021659
247.0248327,-15.2666096
29.5588328,-17.4415052
320.5471647,-17.2354984
358.2768536,-17.0953968
101.022796,-17.0554383
274.3882633,-16.8913723
255.0427414,-16.500165
111.1385178,-16.3877072
275.6852353,-16.2386672
164.5197241,-16.1395435
217.6791913,-16.1174857
279.0428925,-16.1147891
272.7244997,-15.9404639
273.9973838,-15.7462913
277.7943878,-15.4413648
273.9240726,-15.3896943
278.2017201,-15.3105296
270.11164,-15.2740663
275.7912987,-14.8847199
274.3236568,-14.5314604
301.9599383,-14.526672
279.8452977,-14.2519686
270.8764023,-14.1305374
278.1391016,-14.0907903
110.4711288,-14.0881905
267.7341649,-13.9893717
273.8278721,-13.8497547
255.7951819,-13.7743569
277.6273028,-13.677684
59.1447667,-13.5916194
265.9601082,-13.5154916
273.5076809,-13.5080761
336.0262151,-13.3802766
321.4744857,-13.3293765
274.5404066,-13.2993474
275.9094539,-13.1453434
312.1011026,-12.4603914
97.1214997,-12.3400272
135.9516342,-14.8550039
273.5676035,-14.8296473
254.1341352,-14.6541847
181.5568919,-14.5621168
272.6213338,-14.4595407
299.7124602,-14.3536879
275.4991815,-14.1705936
275.5412773,-14.0537119
276.9488431,-14.0506088
278.2864763,-14.0275838
353.5223542,-13.6928813
274.5144144,-13.5911964
278.4352363,-13.4535052
57.341761,-13.3867347
212.4842708,-13.2973129
109.6030822,-13.2874638
15.6769447,-13.0165992
274.6006298,-12.9267893
114.1503943,-12.7635464
273.1447424,-12.6870732
276.6779774,-12.4492521
103.1972099,-12.2915592
273.7178906,-14.8305092
278.4573043,-14.7049909
274.9154084,-14.6665629
273.04644,-14.26136
337.140735,-14.0473635
274.3082603,-13.7192718
39.4205418,-13.6965946
31.5996836,-13.3756086
276.263596,-13.2300279
51.8064656,-13.1289625
273.7113921,-13.026881
31.4229481,-12.8993603
272.9219224,-12.8143288
276.4512217,-12.6295781
357.1026203,-12.4622629
113.3548449,-14.83121
269.6406441,-14.7954628
275.3519295,-14.7370784
106.1907707,-12.2724045
275.1848783,-12.0403465
207.8822319,-11.9427708
273.9135337,-11.9229618
274.2142338,-11.907934
333.8568,-11.84893
284.977359,-11.6908786
104.7069762,-11.5100387
41.3896148,-11.4785904
123.1545323,-11.0727641
141.0265685,-10.5365878
100.0041857,-10.2059061
273.1002804,-10.0465133
279.1425423,-9.854191
310.864261,-9.8467047
54.1884472,-9.739374
281.0035316,-12.2367169
274.225737,-12.1206452
184.2285239,-11.8109959
274.3496914,-11.5962917
278.6599205,-11.3910954
173.2833181,-11.3356074
275.1614928,-11.3321839
277.3332553,-10.9529769
273.442467,-10.7857064
278.4845289,-10.5736576
249.2850125,-10.4811837
279.0155718,-10.4207856
106.4137276,-10.3898911
106.0492093,-10.3585364
331.6089609,-10.3380303
106.023777,-10.2996653
31.5450023,-10.1650369
279.1508241,-10.1053468
190.8865561,-9.9855594
278.8184728,-9.9708575
111.2736762,-9.8512972
104.4704499,-9.8157727
280.2495502,-9.7614735
278.2152547,-9.7370229
99.2333095,-12.0927165
275.4923445,-12.045816
277.3916862,-12.0293933
51.2948729,-12.0263937
131.1037406,-11.9654876
274.259721,-11.6706364
105.7266307,-11.427207
105.9606902,-11.3869248
277.6030876,-11.1527519
273.6660643,-11.1147653
278.0090496,-10.9213157
273.1076503,-10.7198568
249.3833021,-10.5403736
106.1622883,-10.4720972
112.6458183,-9.8099009
276.0697211,-12.1142894
274.5731165,-12.0895083
97.7120775,-9.5759957
319.6842966,-9.5468053
204.1973944,-9.3422963
300.0162659,-8.8868453
277.6761448,-8.4976704
279.2016324,-8.4196975
290.1192876,-8.3659212
278.0861639,-8.3116179
278.0827174,-8.1197027
207.3792356,-7.9720431
168.2172535,-7.8858413
14.1252085,-7.8565444
277.10855,-7.625028
279.6997678,-7.5582907
94.5978086,-7.4506653
156.419437,-7.4433347
284.1829014,-7.4395422
278.8693545,-7.2157067
110.1879117,-7.1969685
101.5309493,-7.1072524
20.9946055,-9.5820856
279.6832783,-9.3345793
278.2943528,-9.1995993
278.4570513,-9.1762346
105.0942937,-8.8780815
131.798644,-8.8130889
106.983079,-8.7805019
99.5537956,-8.5321174
281.4087428,-8.0731769
182.3249353,-7.8740664
74.9802571,-7.8286531
281.1767645,-7.6833327
278.2205026,-7.5203857
153.8554088,-7.5038373
139.1929613,-7.4922068
280.9098106,-7.4271303
278.0850754,-7.1565024
281.3606958,-7.1181763
66.3525435,-9.4084035
281.3284581,-9.4083591
286.9845261,-9.0909909
275.7211811,-9.0626993
281.4576254,-9.0008809
193.0561568,-8.5482821
275.4261362,-8.4140396
293.6946714,-8.3338604
329.8264721,-8.2475892
340.963887,-8.2321581
277.2997244,-8.0529889
278.6560126,-7.9976649
275.7839394,-7.9967274
280.405461,-7.5570787
186.1303007,-7.4604669
277.5266454,-7.4037642
279.5495928,-7.37054
97.6086629,-9.6596408
160.9667922,-9.5564545
283.6089818,-6.8053698
34.3452753,-6.5985188
270.2948344,-6.4867952
280.505045,-6.3332622
92.15439,-6.32262
280.5351207,-6.2577686
176.1555321,-5.8824337
37.3689937,-5.848505
84.5730224,-5.7618083
85.0220404,-5.7590247
83.4906853,-5.7365919
83.7927213,-5.7035156
276.5881481,-5.6832559
283.956595,-5.6609004
280.5127687,-5.6109527
83.9670854,-5.5830912
84.0349933,-5.5678189
83.83062,-5.5455095
212.5961031,-5.4460342
84.6861767,-5.2590369
185.7963816,-5.0544317
151.7160073,-4.9263659
278.6153047,-4.7738755
83.7237553,-4.6321894
83.7845,-4.59065
279.251314,-6.8689765
92.0946084,-6.565592
278.6169904,-6.0237803
277.85187,-5.8924688
83.8093758,-5.7011425
83.3698024,-5.6691216
278.7634014,-5.6646306
83.4172016,-5.6573644
108.3406087,-5.6542662
83.2407446,-5.6329215
277.8403434,-5.5670157
83.6344401,-5.5539736
83.3645123,-5.5122908
83.4975237,-5.4808872
277.8694219,-5.4191985
83.3201109,-5.3174864
84.6828342,-5.301616
272.7260054,-5.2285929
281.6195842,-5.0682757
104.9150898,-4.7243254
276.5156719,-4.5424362
280.2870491,-4.487894
279.1245967,-7.0154969
279.3383332,-6.7162731
235.6134556,-6.6186884
277.1059967,-6.3266598
280.8968788,-6.2894174
277.8256242,-6.0101054
282.1074651,-5.9504795
83.7929188,-5.8910619
277.8267452,-5.8073381
83.3913877,-5.7436856
83.9513576,-5.7145699
280.5056575,-5.7086356
84.2159869,-5.6497344
83.2690122,-5.6460399
83.5527331,-5.6394939
356.175225,-5.590296
83.0355705,-5.5518118
84.1152546,-5.4401198
190.0624941,-5.3584258
84.03057,-5.21388
104.9339521,-4.8278741
83.8888864,-4.7448439
84.0265129,-4.5962959
84.0198957,-4.5869453
280.457989,-4.2392264
213.3239085,-4.080138
84.8494012,-4.0366824
238.79469,-4.0139264
276.0333889,-3.9107278
280.6090454,-3.9065276
283.5286246,-3.8292986
284.0652118,-3.6840513
280.579786,-3.2783987
280.522309,-2.8875923
104.0599142,-2.8832048
85.4673939,-2.8739336
85.4022119,-2.7249058
281.6479012,-2.5510174
283.5510811,-2.489605
279.3712311,-2.3442688
280.8656336,-2.2466683
124.135477,-1.9737596
154.4963241,-1.9102697
26.8485105,-4.4298471
8.812919,-3.5267871
280.4686621,-3.4092576
284.157582,-3.2545348
25.0702672,-3.163024
242.8733126,-3.0907696
281.2434508,-2.8817633
234.5364208,-2.6873015
25.299081,-2.5410066
40.1164737,-2.4903844
234.968113,-2.4310323
85.2747027,-2.2856802
277.7503942,-1.9791245
282.1256606,-4.1540866
278.9947314,-4.0623262
279.5363016,-4.0119689
259.0276506,-3.9505927
7.6538245,-3.7063778
284.4129861,-3.6070692
86.3781526,-3.1862285
281.19705,-2.9581889
282.0971649,-2.7980066
183.8223945,-2.7006613
257.5270842,-1.9719395
190.4552703,-1.4834441
280.8870943,-1.4124757
83.5036927,-1.3387141
104.3175647,-1.2392446
82.6194461,-1.0116853
249.6631437,-0.7328206
2.3283515,-0.4708156
2.21694,-0.21007
275.2302333,-0.1778927
214.071676,-0.1570322
282.7348132,-0.1562789
280.6273496,-0.0810518
101.5173044,0.2036482
284.4036086,0.7261313
282.528562,-1.6912732
279.8478409,-1.6875306
102.1521507,-1.5820082
23.250171,-1.2751078
84.9936129,-1.1611903
25.486706,-1.092084
283.2818938,-1.0659312
204.4420236,-1.0413382
287.2467616,-0.8641698
284.4336694,-0.8469118
107.9647057,-0.6932748
281.9208612,-0.3850508
64.5267012,-0.1661413
2.28843,-0.1375
2.5136009,0.3820001
35.5553875,0.4196995
101.4548187,0.4355798
85.6520581,-1.6838359
170.5813361,-0.620644
2.2844638,-0.503011
2.0351695,-0.2417491
2.2021074,-0.2256675
2.2585278,-0.1766991
146.3009441,0.0354318
283.1149677,0.2625067
101.3744774,0.3908259
283.240843,0.4878674
282.9490257,0.6031973
47.8237337,0.6647228
85.2825812,-1.8454249
284.8538439,-1.7966096
85.44106,-1.79543
173.1918948,0.7620594
233.3105017,1.0268137
24.8316258,1.0670826
128.2195907,1.591792
75.8376027,1.6767429
99.5308648,1.748589
240.4520633,1.7736257
282.5978644,1.9544454
103.0432821,2.2077702
285.4087266,2.2963289
285.0702387,2.411821
282.19604,2.81976
282.7010322,0.9850772
282.9685776,1.6745894
283.4660741,2.6970676
282.9286932,3.0660988
179.0448497,3.1697755
277.4835858,1.0063548
282.9912482,1.2080056
284.975193,1.3686382
277.6151717,1.3752436
284.2688813,1.7485504
286.0426861,1.8715242
286.1839378,2.177138
285.8224601,2.3506718
282.479134,2.8240743
283.1403275,3.0976386
219.6807413,3.5194283
285.5187441,3.63405
282.1783984,3.695127
342.9248164,4.0499078
114.217556,4.1072311
98.0582403,4.2291673
97.5295329,4.4409605
154.3160629,4.5327631
288.11772,4.5447
98.8367008,4.5680121
97.3412558,4.5876674
98.2019421,4.7383182
285.8821805,4.8493574
98.6299302,4.9226
287.0485249,4.9682873
286.9806189,5.0200799
99.0457179,5.0932801
99.2693345,5.1098605
45.4183388,5.4746389
98.00468,5.5218
348.8215067,3.6417568
285.0125639,3.7090273
241.8526933,3.8859507
45.3005676,4.0033849
302.4204975,4.022126
98.1331679,4.1980342
97.7434423,4.2336107
282.9715462,4.2598571
284.1256118,4.4618585
98.1071884,4.691066
98.4170696,4.8138078
98.9238634,4.8371956
314.8031282,4.8509827
165.76814,5.09752
284.3477186,5.1253207
97.2421472,5.1606915
283.2450066,5.2959741
284.5474875,5.3834075
71.38384,5.43023
97.8988897,5.4569742
98.0958144,5.4578865
97.9189243,5.5314716
287.5446781,5.6710972
322.4983246,5.6817414
311.7551962,5.8647365
287.4814671,5.9696292
40.9890795,3.3830031
44.5800334,3.4513579
120.1286221,3.502161
284.9179988,3.5082932
284.1135992,3.5926211
284.2468894,3.9792183
98.1845764,4.2326525
97.5684234,4.3936936
98.0567859,4.4830544
357.2345717,4.5150353
284.90117,4.56862
281.3533657,4.970284
98.4435137,5.0192015
98.7594125,5.028629
98.3719396,5.4169514
98.1661865,5.5539158
98.0062078,5.5646047
98.22642,5.59844
288.2983078,5.7857857
287.164139,5.906941
14.6024752,3.428709
319.0937859,6.5472049
341.6031436,6.8154212
222.0378766,7.1120381
125.4886658,7.2019445
357.9500732,7.4092805
286.1556369,7.5189983
283.9971052,7.9939965
284.0146825,8.0167772
320.4650334,8.2190863
289.0794388,8.5301375
287.8314664,6.3942661
137.5216087,6.9280541
140.1913149,6.9446499
225.8533181,7.4929537
205.4203221,8.0838949
185.4855097,8.08489
88.749545,8.088442
80.31692,8.33592
262.1739956,6.149666
286.789487,6.6160714
286.3841764,6.8143679
297.6884886,6.9392011
106.9775089,7.347005
286.899695,8.0261919
287.193681,8.0606715
80.3677266,8.3996562
287.5778588,8.91462
55.7510078,9.0453518
208.5232904,9.0617903
289.3853234,9.347497
218.7983779,9.4604185
97.8283361,9.782282
120.9997521,10.0097608
248.9024824,10.0632269
168.0507556,10.5239409
98.9271881,10.795696
99.2132758,10.8113996
287.7973468,10.9336991
281.532805,8.9119698
40.2809274,9.2491188
100.0223688,9.7888186
95.4579923,10.7035748
99.106798,10.7273676
99.1002261,10.8032689
222.9042064,11.0919505
288.6587769,11.1306853
100.1549533,9.7432125
288.0590718,9.7747382
48.2704777,9.9418315
289.7476392,10.1271339
289.0693051,10.347857
98.982687,10.7118994
99.9006051,10.7694013
286.7582579,10.8044717
99.9319784,11.1735613
288.2266742,8.6269614
188.480377,8.7634941
282.5659773,8.813673
81.9477551,11.615255
288.45571,11.76644
288.5951502,11.9417923
221.3692686,12.7531648
126.0514294,13.2804089
147.1235298,13.6609776
289.3735658,13.7540526
92.4903,13.91494
290.828332,11.6482641
292.3900374,12.4391321
289.1274665,12.5110812
98.9771076,12.7076124
145.9617099,12.7980865
288.8960285,13.227286
339.4575738,13.265826
92.4491529,13.6515366
100.6843537,13.670709
147.1404822,13.7049677
233.3316613,13.7477592
135.0114186,13.7674841
147.1817117,13.8166702
147.2205505,13.9145677
119.4289659,13.9235765
356.6551477,11.3852829
53.0515259,11.5534267
289.0249097,11.663728
222.860355,11.7085829
17.0509808,11.9353319
58.2144628,12.0838473
155.230969,12.6742527
291.6258715,12.7481289
197.7971036,13.0833031
115.959764,13.1268202
272.2285091,13.3818657
291.1252977,13.3994094
10.5805044,13.5599829
270.9130245,13.5796406
290.7451045,13.7463623
191.0715991,13.9267409
289.0854212,11.3536215
289.6881637,14.1266451
57.7626957,14.1281435
290.6326109,14.2987601
223.6480066,14.3105295
291.2080141,14.558583
205.8733321,14.6719567
50.6696679,14.6957257
75.8589858,14.7292392
289.3511775,14.9459399
289.98444,15.6180769
291.2066038,15.6202469
40.0496803,15.8447164
47.9475138,16.0802356
217.7677993,16.2916582
64.4131527,16.6398111
289.4776869,13.9715085
290.564326,14.2121397
290.4541178,14.3929052
203.2804335,14.5057471
287.8534051,14.7612271
43.1240655,14.9999935
292.2436469,15.1243589
258.7677695,15.8421146
301.5933945,16.4807767
291.6229353,16.4882025
89.5602047,16.5640498
319.7395434,16.5911605
90.1878341,16.6351782
147.2510107,13.9589199
280.9769815,14.0445356
280.9824064,14.0510617
290.4779063,14.1223581
290.9373236,14.4227583
211.9287537,14.7832016
291.1989682,14.8655961
174.0209611,15.036486
315.9314507,15.1985032
290.9896381,15.2504951
295.5665959,15.4145199
292.1093041,15.5221048
80.7370002,15.6653954
292.1366143,15.8922486
293.7129584,15.9257799
89.51957,15.99274
290.5375249,16.0990545
291.5307494,16.3198437
195.9005178,14.0578508
169.8371357,16.7272434
292.8029777,16.885069
291.8487293,17.0589893
205.6979924,17.7184897
291.7319144,17.797173
292.7815685,17.899912
93.0073129,18.0450286
292.9378511,18.4007612
292.5288664,18.8625435
345.873251,18.8989985
224.2685932,19.1064174
104.9548763,19.1134928
291.1850957,16.8889342
292.8129689,16.9801306
292.8583596,17.2831242
292.5883107,17.4414262
294.8539548,17.6228595
29.1781742,17.7108698
292.270837,18.0282083
226.1942829,18.330821
125.1889567,18.4245169
240.9581955,16.6994137
293.1098911,16.812782
199.7822252,16.945738
155.8780902,16.9763037
291.7485527,17.0009492
211.695722,17.1081516
68.8955565,17.2059066
358.4301784,17.2097671
354.4006932,17.22698
94.5248509,17.2972249
65.2837609,17.4796971
202.4373978,17.9232613
291.8613459,18.0275518
292.055328,18.1914569
58.7380927,18.3868648
292.6229729,18.386865
219.8413505,18.7062116
211.4113863,19.2650597
165.9491581,16.7415428
134.1620879,19.4598489
133.5593527,19.5075845
240.6459542,19.5265728
294.031875,19.5546986
133.6769836,19.5646226
133.8481736,19.5727516
219.3262014,19.7657311
290.4696954,20.1926521
294.3287819,20.2049807
92.1701745,20.6919549
227.2969709,20.9914575
294.43837,21.111069
224.3137809,21.3505331
295.6847187,21.4056133
293.5957781,21.4412559
174.8434671,19.4172986
133.5923993,19.4734716
134.1214517,19.5062359
133.9412064,19.5506091
133.8490364,19.5674634
292.8915443,19.619718
292.7576258,19.6467939
291.9269597,19.7398666
229.0531097,19.741632
339.1502425,20.0242526
150.8225043,20.1278049
338.4410199,20.4564901
292.9877041,20.5081748
77.5345566,21.1966416
215.7391107,21.5415631
297.1640056,22.0283742
133.892872,19.3737373
294.0011582,19.3776201
125.99917,19.80268
83.1171891,19.8838461
150.8337789,20.1631433
150.7551317,20.1674768
92.2078069,20.5208067
19.3944616,20.7943734
245.3741414,21.1519996
295.6781127,21.7040552
40.9687472,22.0647567
133.7214013,19.4295016
291.1414711,19.4691946
133.9334524,19.4750271
266.4044404,22.2237617
94.5338162,22.5784396
94.136761,22.6070659
293.9010641,22.7165838
17.5897713,22.7539511
296.2395499,23.4259221
205.6714164,23.5164613
223.7060495,23.5792131
228.3424845,23.5805022
296.6016919,23.6931447
295.773541,23.73565
107.2103283,24.1796539
227.6729199,22.346965
195.0578527,22.4996251
148.9341429,22.6055551
306.759503,22.76483
242.6353346,22.7813593
253.2354542,22.9602149
229.7219279,22.9863126
296.2566456,22.9985489
95.5832729,23.0589409
297.1836459,23.0661137
95.9907166,23.144421
294.91345,24.09514
295.00573,24.13563
295.0535107,24.3650018
130.9145565,24.4420947
351.4419683,24.6106643
295.5006163,24.6126265
65.256465,22.7220224
94.4929131,22.777957
248.6794245,22.7927093
18.010832,22.8863825
295.8362484,23.0213119
313.7689184,23.0526462
38.6382292,23.158637
36.2923241,23.8518688
37.4079455,24.2160527
113.9386799,24.273524
296.4421601,24.3018979
62.4828856,24.4160427
20.9475471,24.5465525
300.0978226,24.6643369
36.4305817,24.8628613
227.7116595,25.0074575
219.7575231,25.3184592
296.9241448,26.2170312
246.6974819,26.2602085
179.9664444,26.3002011
226.2004279,26.4345429
297.2301326,26.5673787
298.0870902,26.6123606
116.552375,26.9249986
296.3957211,27.2182408
22.6254992,27.3886928
298.754511,27.4515708
231.1474372,27.6339345
304.5415526,25.6367603
203.6961678,25.7920891
250.1290256,26.0214038
245.2155328,26.311208
297.4917503,26.7326793
309.8307235,26.8837445
298.6243791,27.0442109
246.7406722,27.1302048
21.4230228,27.1756445
296.1308214,25.4385391
55.4541641,25.5604567
297.5829742,25.8147124
339.2881384,25.9721072
351.9197621,26.5006232
16.2591981,26.6372681
295.1357036,26.6615773
294.6003041,26.9832902
301.571997,27.0478973
272.9138517,27.0577199
61.9793212,27.0876642
298.7752702,27.2612768
92.0844382,27.3493307
345.0603648,27.3697578
265.8392614,27.3874965
298.392214,27.4370031
297.9390245,27.5246842
292.3954149,25.0968901
302.9903122,28.2188138
123.5603658,29.067243
51.6099059,29.0978489
298.9935455,30.1505579
301.0597314,30.5049797
15.6346758,27.9466079
325.5318508,28.1563595
241.4477525,28.4456073
230.3651126,28.6941929
210.2902559,28.7572773
300.8718158,29.1653022
301.2368857,29.2881449
94.4947708,29.9881196
90.9503184,30.2710759
271.6611595,30.325014
298.4965162,30.4644772
107.4553036,30.4786616
356.1543728,27.809884
293.614386,28.1756174
350.8621203,28.2744915
224.3290545,28.4240025
296.7195983,28.7154967
193.114847,28.9752918
221.547948,29.2493777
111.3855497,29.4832435
94.5382317,29.9911115
41.4042832,29.9921901
121.1262162,30.0070679
300.6286397,30.035609
16.2811791,30.0694133
90.9979771,30.22396
250.1285794,30.7695812
144.1445689,31.1714472
298.8814616,31.6898645
55.4096726,31.9816938
303.3767025,32.0450354
9.8723046,32.4627449
103.2795082,32.8586611
358.3306121,32.8930066
177.82756,33.0741656
305.1222395,33.3522013
300.1997294,33.5038663
154.3047097,31.239223
213.5272262,31.5443104
13.9284141,31.6737543
84.5003073,31.7553969
299.5410148,31.783494
203.8279952,31.7917982
105.7492166,32.0865424
56.1365606,32.1543817
56.0381667,32.1837485
16.3523216,32.8731156
299.7407725,32.8977678
200.7496987,33.0226859
233.5321357,33.2581467
222.3852367,33.3981889
131.7558711,31.2205666
299.5944098,31.5763164
5.2737647,31.5842858
54.4176,31.81026
155.5519821,31.9501973
27.0824382,32.5474606
207.7788766,32.6071922
245.1418511,32.9349554
288.1667022,33.0367475
304.6450509,33.149776
82.1780451,33.1728968
286.5252935,33.3054083
298.7831678,33.3217704
304.6633783,33.4146578
80.3863858,33.522155
230.8171807,30.6172805
299.775778,30.833103
301.0578601,33.7093236
25.1218946,33.9644074
82.0667599,34.5026429
126.0910392,34.7118947
299.6223478,34.7669815
257.838925,34.7787769
300.3474438,34.8738616
302.8721333,34.8885988
32.6179614,34.9693413
303.5791036,35.0020101
300.6843969,35.0886903
301.712018,35.2507173
305.5422819,35.2907192
301.2120809,35.5862585
302.817312,35.7595559
308.4891837,35.7790795
48.1939963,36.2554696
310.8175072,36.4103556
136.6985605,36.4359895
306.8521161,36.4901955
114.1691816,33.5507904
17.5539449,33.8150691
207.8548426,34.66304
299.3898184,35.0133736
176.8027094,35.1208265
303.5282508,35.1713212
67.6114186,35.2536066
300.9897037,35.2706144
305.6180547,35.2847014
300.6021274,35.3204334
301.1067898,35.3361872
84.7504713,35.9437565
67.4133525,35.9696659
338.3368789,36.2636028
196.5099185,36.3280693
300.2647097,33.5778785
306.3137461,33.597757
302.4225568,33.6961179
299.7078239,33.7839854
302.050507,33.8574748
302.9313527,34.2230138
306.4235948,34.2778657
171.0571352,34.4280045
146.3199348,34.5209601
234.9596923,34.6583438
79.05762,34.67774
40.8183113,34.8605057
303.6299028,34.9386422
67.3151347,35.2477783
344.1124075,35.2615872
264.9322689,35.3565398
84.9239448,36.0431151
85.0332329,36.0905149
304.5174354,36.116296
306.720003,36.3402363
301.9461805,36.4058905
306.2749212,36.5540425
306.7195464,36.7478656
84.3660568,36.7509675
301.8985839,36.7706547
218.4446686,36.7944904
304.3678358,36.8958035
303.2811699,36.9726478
59.3481,37.0169467
59.7142946,37.0973551
51.3981625,37.4710671
308.9543112,37.5417485
307.9790565,37.627893
305.3965115,37.7209919
310.2425839,37.7862709
301.0237303,37.7867327
303.3213057,37.7977466
303.6083478,37.8706447
300.9595268,38.1251229
311.0375353,38.4904263
308.6072332,38.6802895
309.7868013,38.7666875
302.9669654,38.7745568
310.885453,38.8141821
310.7722441,39.0165977
308.2019672,39.043818
303.3566023,39.1661659
305.0754706,39.2763655
307.8569435,39.3062563
251.2278291,39.418215
304.7602003,39.4247973
308.3482601,39.5001873
303.178152,39.5123372
304.9091034,39.51498
39.3969835,36.6309834
103.6961598,36.6315101
306.3384366,36.7125458
305.4551139,37.1623776
308.6060134,37.2099215
308.2930943,37.4135512
18.6185555,37.4267729
356.6680022,37.4483282
305.5035362,38.09094
12.2967708,38.1144387
309.0779231,38.1690957
306.1397521,38.3441299
307.4081954,38.47699
310.8296214,38.4967013
298.4203093,38.5401774
303.8272189,38.5668403
305.7193614,38.5842538
308.8405344,38.6747596
252.647578,38.6843304
106.0143933,38.8952052
307.7886705,39.0068909
310.8581306,39.0374413
310.553835,39.0388077
303.3977646,39.1873761
305.8608866,39.2929783
309.624432,39.3045785
306.8844483,39.4462188
310.0302126,39.5982292
345.6417491,39.6127596
311.9215266,39.6372078
128.8408878,36.7443655
306.1491268,36.8616788
307.7008228,36.9781581
307.317999,37.0182075
305.5546197,37.1570499
306.1814621,37.259496
306.983559,37.3101507
245.2341928,37.3165614
255.2589129,37.555871
59.5304518,37.6510133
306.9636015,37.756166
102.4969954,38.1448287
310.3700718,38.1765854
82.8538436,38.2782852
310.8549157,38.5154882
308.7479868,38.7239215
303.3018231,39.0024019
307.2539055,39.0762404
308.1321084,39.1007044
310.8796146,39.1163422
127.7684071,39.217297
311.6673541,39.2699592
301.1503301,39.359077
302.512059,39.3903162
259.9241361,39.4601559
37.7805744,36.7601346
309.4448127,39.6638476
308.405845,39.7195822
303.0822559,39.766789
306.9043069,39.798888
246.6527522,39.8586672
311.6509272,39.8598748
302.7832616,39.9887218
306.2038553,40.0947134
308.4896451,40.2302765
306.3758141,40.2338243
306.7289803,40.3089651
311.4398666,40.3255589
310.3842944,40.44847
304.372123,40.5068283
307.1141635,40.5391523
309.0001061,40.6136225
304.7499405,40.8006606
304.2661209,40.9356704
304.5810641,41.0295461
21.07265,41.04228
190.5563225,41.0596087
300.9866829,41.063801
311.3360305,41.0721128
217.134457,41.117834
313.3833647,41.1461314
298.6013075,41.2061809
305.2178916,41.2574346
306.5425962,41.2652081
309.9749081,41.3316168
305.2734419,41.3555419
16.043672,41.3776536
14.7159674,41.4528841
80.4717098,41.5288507
306.1275723,41.5942303
308.9985591,41.6022404
303.6487898,41.6288848
306.8056115,41.9103161
305.3164763,41.9260605
309.2185528,42.0048677
309.4548327,42.0744155
304.5229852,42.0889507
304.2778282,42.0965452
308.0804719,42.1441547
301.1379924,42.182305
317.2035637,42.2179038
308.66715,42.2609
305.3401367,42.2815444
305.4536436,42.3794279
308.8255896,42.3967752
355.2094546,42.4070253
305.3551382,42.5383916
315.2515911,42.6176847
302.1942162,42.7596829
306.1424976,42.8397285
308.1002053,39.722636
205.4253456,39.8769979
304.1436374,39.9174678
186.5947529,39.9695794
305.8931817,39.972247
301.189614,39.989675
306.447871,40.0266505
306.3287941,40.0556075
309.6528059,40.128551
307.6282848,40.3008773
310.2486227,40.4729375
314.8599734,40.5018322
310.5809915,40.6328936
303.4017819,40.7083083
56.4668409,40.7437868
336.5408589,40.7896488
307.8331115,40.9006809
312.5347301,41.093136
311.5818291,41.1152538
310.4839188,41.1810259
309.4769698,41.194484
310.5657899,41.2352813
174.0931894,41.2671403
305.9289648,41.2717407
307.565385,41.3699355
312.003584,41.4519417
308.8478185,41.4681802
302.5901172,41.5015211
322.9115844,41.6254657
309.2818807,41.6896251
309.976489,41.834088
304.6975046,42.0886046
303.1390249,42.1184462
306.4756988,42.1758552
310.937143,42.2017893
310.4128558,42.2154137
7.7313478,42.4325624
310.2327385,42.6478669
303.6055034,42.6586546
306.5926893,42.6983444
30.8132456,39.8598277
300.8647111,40.0026604
307.5093168,40.0545498
310.6853997,40.0798697
310.5186795,40.0872851
297.2197981,40.098219
301.7665934,40.1025265
33.5022887,40.1650016
306.106713,40.302939
307.1506184,40.425893
251.1591611,40.4812392
56.0869503,40.6015072
58.1256206,40.6421528
309.3678752,40.6818795
304.8201986,40.9177789
304.5823125,40.9881958
305.0362493,41.0544209
344.9114124,41.1851553
309.2647476,41.2527341
301.1473955,41.3170202
310.0987972,41.3332159
306.8272885,41.3413349
304.0712803,41.3687643
10.9385577,41.3865637
303.2790765,41.3889076
303.1131127,41.493012
305.2801995,41.4989219
303.6814981,41.5265994
307.8805731,41.5957949
310.7641103,41.6508465
307.3128822,41.6996893
308.3795712,41.8612159
11.1576264,41.8830946
309.2622257,41.9123123
65.8439424,41.9549519
304.0880968,41.9626243
310.4563016,41.963976
309.9477545,42.090323
310.7366145,42.2448057
312.8086987,42.3224968
191.8866123,42.4641121
303.9495662,42.5258635
304.0794713,42.585791
310.3417979,42.6412113
305.0153078,42.8395302
309.2821879,39.7532797
26.4390122,39.8167033
302.416516,43.0059285
311.1913015,43.1015831
353.8672124,43.2925238
313.7575982,43.4456307
346.6717675,43.51887
79.3053592,43.5234952
342.5304181,43.5730624
309.0221546,43.5835283
308.0478342,43.7136602
290.0199885,43.7939813
307.8476973,43.8244555
304.0712399,43.9207382
304.7214407,43.9402161
305.7986593,43.9414214
305.2844188,44.0030948
304.9567037,44.124239
303.806166,44.1630987
312.2812847,44.4566298
312.5969818,44.6169798
313.7326139,44.8422677
123.041219,45.5463338
217.2370835,45.8646253
309.183765,42.866364
312.9701398,42.9295591
114.3111558,42.9611383
303.8556714,42.9633965
177.8054515,43.0882082
303.519984,43.2129754
306.4588445,43.2292308
304.6734138,44.0805728
303.7581859,44.1879528
135.3175596,44.4827528
311.1061621,44.5425973
306.5187114,44.6117283
309.9792827,44.6652937
307.5181096,44.7554526
302.0119419,44.7958703
312.5229277,44.816284
302.7164678,44.9642593
306.166,44.9846
10.2204537,45.0743882
29.7438322,45.5410501
307.9274048,45.5915757
308.3407123,45.6728851
282.3523816,46.0632152
305.0615619,42.8736474
303.0527754,42.8807298
314.7165484,42.9568333
304.862957,43.0873822
221.1181346,43.0905948
311.9398682,43.1898981
307.3238563,43.1961548
309.5476324,43.2277979
311.3746351,43.457951
305.5283911,43.4668992
305.0499553,43.5358623
313.311606,43.676255
309.9170166,43.7506472
343.0568554,43.7586139
304.4206925,43.9298806
308.5360717,43.9802715
311.9639514,44.0043222
302.2760876,44.1793112
303.7559788,44.1853707
312.1951195,44.2164592
312.5781851,44.2805497
307.6824302,44.6790795
79.2998663,44.9391193
301.6387495,45.0080822
308.6820539,42.9792204
308.0543422,43.0872884
309.4428274,43.0923893
305.8545974,43.0939924
307.8166589,43.1012472
311.9290468,46.2191225
310.3780748,46.2857941
310.8504585,46.4685343
158.5664236,46.9124816
328.2903141,47.3223357
104.5361436,47.5371427
59.7766565,47.5488798
101.9900463,48.1770813
349.3145076,48.55746
317.1223996,49.4097536
316.6288807,49.580344
303.6780545,47.3810183
48.2217418,47.3890248
103.6758531,47.5285065
21.7791949,47.7833863
67.3036915,48.0098276
145.4075584,48.6704439
314.2962595,46.258768
314.8725731,46.2685974
352.3712753,46.5842374
308.9887753,46.8242523
304.820766,47.4347327
126.5747668,47.7105632
20.8060608,48.396143
304.5293147,48.467515
307.5086702,48.927861
26.2502741,48.9764433
306.8847339,46.3914564
298.6825863,46.4146275
307.0605307,50.1300188
294.9255096,50.3974595
70.2184261,50.4675902
316.3248871,51.4449164
30.2633977,51.7060245
226.968777,51.8530525
210.3552647,52.0446265
2.5361617,52.1066528
67.6640123,52.4438629
6.2060083,52.7429528
77.9745853,52.9811388
316.37324,49.65168
310.1272804,49.6782007
317.1739685,50.0860438
61.7030182,50.1453522
70.1718841,50.3923555
176.1905887,50.4933377
282.4581544,50.9137957
37.5142536,51.0012361
60.8530214,51.1355968
319.7890999,51.4983971
257.4079051,51.6192781
75.3593185,51.8627239
243.4007227,51.9956263
67.6067646,52.4566706
325.3288709,52.5840117
323.654327,49.7417451
277.5007654,50.2511257
255.8351502,50.9254556
284.2653019,50.9539267
61.1824057,51.3432544
357.5784561,51.55013
320.0739912,51.5644792
321.9802153,51.6218493
318.0776228,52.4426756
59.0343548,53.0923988
318.602188,53.0996999
234.7982353,53.1318539
328.0608352,49.7707435
237.8286843,53.3473606
263.8570171,53.7075905
160.667001,54.2101013
325.5560947,54.6277036
305.1807326,54.837257
326.1734521,55.1655629
220.1316569,55.3126247
334.7030671,55.4417068
57.16471,55.89029
218.3266033,56.0019854
334.6635449,56.0513456
172.8309443,56.1961056
75.2968197,56.2050348
334.6668641,56.2071469
335.1331282,56.3690641
258.0766439,56.563126
327.9613286,56.7194401
243.3029771,56.9095284
168.8651616,57.0181587
253.0797942,53.395893
27.3459403,53.6943454
128.4941204,53.7111233
23.2415484,53.7971494
197.6724142,54.4502358
318.9809755,54.6806197
320.6499479,54.9319001
319.3309663,55.4350258
334.6690103,55.9372625
220.9206918,55.9505868
174.6348768,56.3876734
231.1909396,56.43051
13.3112087,56.5390226
13.4840995,56.7909103
187.0828055,53.5031755
284.11396,53.51306
27.5339631,53.7009168
317.9764391,54.2717224
35.1942305,54.6054546
310.6192024,54.6813512
108.8787643,54.936937
205.3600617,54.9394604
325.2427861,55.13132
165.1765662,55.5085645
344.2653285,55.6589593
311.2252302,55.8733605
104.7662333,56.1939311
13.2024299,56.5351009
13.3392974,56.7641192
47.1783973,56.8082084
57.7766629,56.8374319
58.7828163,53.4022118
64.6222567,53.4102073
326.6128853,57.3342584
7.7610629,57.3727552
300.8576101,57.4943229
323.4858124,57.4988678
348.9856786,57.664802
47.7903917,57.8817292
191.4870856,57.951957
345.0123174,58.0135565
327.0684168,58.0879948
119.1693512,58.1252666
331.0445335,58.1328011
255.9834606,58.2724663
251.0175737,58.4085408
343.8979698,58.4339992
338.6808492,58.4755567
320.5623225,58.5610878
282.6696533,58.5791011
264.498151,58.6883326
341.4335867,58.6922114
144.0201794,59.1982016
338.6554728,59.3402494
341.7500333,59.3701576
133.218604,59.5177857
44.4359312,59.7620185
173.5161834,59.7661314
334.8520458,59.9421089
349.5305791,59.9770828
350.2914476,60.1011773
347.3224461,60.1664243
127.750545,60.2119471
44.1356087,60.4869058
44.0650646,60.5682085
42.5882382,60.6812542
45.3661172,60.6839172
349.3424559,60.7114263
42.5745663,60.7155849
24.709693,60.7260208
37.2749858,60.7338634
44.4140032,60.7832377
40.8488231,60.9088881
14.89716,60.96542
200.9350383,61.0522562
39.4680048,61.0898939
43.3403453,61.0985066
350.31383,61.16003
341.9042679,61.2001251
348.52056,61.21047
39.1422867,61.3438268
349.056613,61.3573186
36.7458697,61.3697516
326.7589687,57.2783593
328.0687945,57.514413
322.1910352,57.5412667
326.7166244,57.6511164
351.8952144,58.300323
326.893556,58.3565269
326.87644,58.36046
324.5473565,58.4644272
351.5122489,58.7437623
341.8533796,58.8874574
354.51357,59.11423
291.8230032,59.2171999
354.6347133,59.2192764
344.8399114,59.5147151
356.3989517,59.6056411
347.4636333,59.7118643
348.325861,59.836048
349.6367235,59.8518069
43.019572,59.9320447
238.9189318,59.9702732
350.8954213,59.9786869
349.4840387,60.1161673
347.3138605,60.1618721
41.2137185,60.3634667
44.1887685,60.4184358
279.2447766,60.6602596
40.3095168,60.6904714
345.5090841,60.7553006
355.5064217,60.8663727
355.3309051,60.9364422
334.7955194,60.955972
38.6151109,61.0155112
15.0521108,61.1055204
347.7027975,61.1285291
40.0643302,61.1615369
34.49819,61.16344
349.9690652,61.2585181
39.7149161,61.2670765
34.5918216,61.3019853
37.2464286,61.3237643
233.7603714,61.4335921
349.3892253,61.5231613
37.57883,61.54796
326.6771642,57.2315696
336.3918112,57.6039086
266.0477066,57.8295452
329.0412025,57.8418845
352.2995394,57.8724073
333.8518873,58.2378456
325.272358,58.3210847
199.4481714,58.3521062
342.5187178,58.4460739
329.4589376,58.4844896
335.2229147,58.5633923
324.3934286,58.5737638
347.9484756,58.7592721
274.2172644,58.8621832
335.7830091,58.8849487
344.5303715,59.0296438
348.293654,59.6363106
340.8096921,59.7202864
347.5013681,59.7804768
83.3639021,59.817162
42.9115455,59.9481891
319.5018725,59.9642709
44.1421164,60.0433257
346.472007,60.1371361
349.0106899,60.1672577
346.598542,60.2108815
346.581464,60.2390625
352.441613,60.2803994
349.3484509,60.3262172
41.2618933,60.357188
45.7918112,60.3942269
345.9028944,60.4105603
32.2403389,60.4156188
43.9526434,60.6303284
44.2241137,60.7134737
45.7378184,60.7183675
348.8424573,60.7206689
347.3567434,60.8320089
334.0821,60.84543
353.67033,60.85045
342.4626087,61.0704455
350.31252,61.1095507
300.27076,61.30935
18.0962303,61.3874535
352.0422126,61.4625005
328.0521238,57.5132984
359.7088933,61.7864369
341.2912435,61.789363
140.9519383,61.857267
38.8287921,61.8654087
342.251843,61.8875592
41.8321069,61.9981404
7.3460353,62.0437895
36.6507567,62.0654081
36.0414939,62.13551
36.34362,62.21229
343.6296875,62.2437915
349.4639962,62.2643586
348.7351345,62.4676643
335.8739459,62.6532754
41.5570867,62.7066947
4.914405,62.8206078
357.7917266,62.9293291
347.8296047,63.0011297
98.9914113,63.02387
6.0000826,63.1537319
99.6457608,63.1886825
352.8985148,63.2050229
28.0402562,63.9741803
26.4358536,64.2884377
243.2929325,64.4348466
271.9778894,64.4578767
10.9953729,64.4818694
359.6284371,64.5333145
4.1841455,64.5426519
347.4415336,64.8253554
6.6489394,64.9030676
337.2513862,65.2024508
337.7912298,65.5103918
113.9489998,66.4776644
0.9960613,66.7425988
359.4237009,66.7559653
349.5468052,61.6688699
356.8252377,61.7002413
5.7337611,61.7045415
34.5211256,61.8748836
347.4394021,61.9408835
37.5456074,62.094046
355.1309599,62.1334
348.4250202,62.1759085
121.6616333,62.1996214
37.1399592,62.2825647
4.7092231,62.3729462
348.9260815,62.3882464
281.2816142,62.4528304
344.887185,62.4856029
349.9121844,62.5446437
126.9869782,62.546681
355.6688774,62.6522759
15.2384721,62.7056193
268.8833756,62.877906
358.6550824,62.9722059
132.7219636,63.0343077
334.7483996,63.0915214
59.0586945,63.0997826
336.6417801,63.1319114
19.3533569,63.351285
17.6515651,63.6358569
337.9754341,63.7838335
2.3705982,63.9297008
334.7284541,64.056429
335.356145,64.0755022
358.8100817,64.2613534
22.611149,64.3950547
276.1409764,64.6476428
6.821132,64.6501103
6.7866389,64.6678331
337.0904613,64.7789839
338.0292526,65.1649947
5.2877255,65.4340826
338.3757807,65.444979
337.7941854,65.5003597
333.8412714,61.6352155
36.7626855,61.6689505
350.0703375,61.7626561
349.4905907,61.7942426
36.543328,61.8132575
36.4463533,62.0068574
36.1617905,62.0469873
347.5213677,62.1354244
341.7592594,62.1634308
341.6892647,62.1666797
320.0795419,62.2010557
341.7699927,62.2069274
39.4708471,62.3987356
38.3569705,62.4466848
17.8676589,62.7232903
15.233206,62.7954825
292.1110986,62.8108331
335.8064224,62.9734341
240.3878641,63.0300136
357.6023689,63.0713622
358.4530316,63.1141463
330.0845621,63.1759825
58.2841432,63.3226542
17.04621,63.34404
28.083886,63.6108257
22.1705772,63.6256392
334.937626,64.0017279
333.226226,64.4196298
28.9716497,64.6103423
47.1883501,64.9146371
23.3307597,64.9164338
3.4122155,65.6066812
333.009449,65.6678965
1.0428551,66.3593503
188.0176218,66.4045027
20.693056,61.7237306
39.7198145,61.7309962
38.8608902,61.7902459
352.0034161,61.8546239
342.7173451,61.8852386
38.8566133,61.8899596
36.4269647,61.9168893
252.496043,61.9541089
41.8985096,61.9639915
9.8582399,66.8886668
154.8707562,66.8919649
0.3893707,67.0086885
0.7411502,67.0975867
1.8603146,67.1999887
0.7439463,67.2117309
0.8957604,67.2669431
1.8835472,67.3465113
358.9934821,67.3888235
0.9689329,67.5147687
1.316769,67.6855572
1.7859684,67.8037488
119.6957758,67.8238216
2.4921851,67.8633351
324.3139136,68.184365
287.2807691,68.1980213
279.454927,68.3473586
3.0806062,68.6833902
265.7797251,69.2871983
313.3214462,70.2492254
171.1767853,71.1546471
348.5493545,71.7160894
0.2880513,66.8350611
359.5766585,66.9701887
1.3441427,67.1202302
0.4281925,67.1294942
0.3404767,67.2215678
2.3592217,67.331416
2.2851896,67.3648853
315.6289553,68.2194001
241.0437929,68.277362
62.2332386,68.2932613
0.5328029,68.4542124
126.5325764,68.4593883
358.7600536,68.666957
358.9128356,69.008394
262.3797257,69.5267578
232.0820878,69.639867
358.9229123,70.1905426
306.5476941,70.2454552
289.160075,70.7351796
263.4807514,70.8824203
315.9583292,72.5537352
98.9298498,73.3831072
2.2671795,67.0986686
0.9912799,67.1913145
1.5524738,67.21291
106.9388817,67.2442179
359.8672707,67.3211165
0.7637932,67.3236767
359.8684125,67.3341175
359.9053259,67.4971536
325.9662622,67.7025392
1.726491,67.8252786
16.9268711,67.8758882
0.9903978,67.9290669
359.5717672,67.9448348
0.7456563,67.9958144
215.0358338,68.0194465
315.8105317,68.2395068
358.4017908,68.5899398
0.8415443,68.5928528
315.5709998,68.6783637
28.3363218,69.0251033
154.7962796,69.9959214
0.3751913,70.1161023
167.1320177,70.5196743
269.0560743,71.1524648
174.0588579,72.4206778
113.7052907,73.1775316
10.10079,66.90491
1.003852,66.9503465
1.7899132,67.0157362
359.7569558,67.1348424
1.8017134,67.1678159
331.9992684,74.0695831
292.0293088,74.1719583
150.1264432,76.1334793
209.6005375,76.2433335
242.0011915,78.8107981
294.3448858,79.8312883
261.3200348,73.776697
17.2522432,74.4189891
340.1080207,75.7964402
120.4561461,76.3323099
171.2286016,76.603973
156.7489576,77.9333154
187.6477975,82.4013263
119.3011774,83.2533576
172.6426377,86.1103199
153.7645136,74.6244572
311.7098222,74.8512541
141.8384222,77.765059
262.4588181,78.0688144
254.0665087,78.9192445
70.4771221,79.9607671
239.1994206,81.7326629
119.1746654,83.1242913
324.2160743,74.214709
